,Food label,Subs A,Food Nutri-Value,Subs A Nutri-Value,Subs B,Subs B Nutri-Value
0,"CHEESE,BRICK","CHEESE,MOZZARELLA,WHL MILK",15,14,"CHEESE,LOW-SODIUM,CHEDDAR OR COLBY",9
1,"CHEESE,CHEDDAR","CHEESE,COLBY",17,15,"EGG,WHL,RAW,FRSH",0
2,"CHEESE,FETA","CHEESE,FONTINA",18,17,"CHEESE,SWISS",9
3,"CHEESE,GOUDA","CHEESE,PROVOLONE,RED FAT",18,14,"CHEESE,MEXICAN BLEND",12
4,"CHEESE,LIMBURGER","CHEESE,MEXICAN,QUESO ASADERO",17,16,"CHEESE,LOW-SODIUM,CHEDDAR OR COLBY",9
5,"CHEESE,MONTEREY","CHEESE,PROVOLONE,RED FAT",15,14,"CHEESE,MOZZARELLA,WHL MILK",14
6,"CHEESE,PARMESAN,GRATED","CHEESE,CHEDDAR",20,17,"CHEESE,SWISS",9
7,"CHEESE,PROVOLONE","CHEESE,MUENSTER",18,15,"CHEESE,LOW-SODIUM,CHEDDAR OR COLBY",9
8,"CHEESE,PAST PROCESS,PIMENTO","CHEESE,LIMBURGER",19,17,"CHEESE,MEXICAN,QUESO ASADERO",16
9,"CHEESE FD,PAST PROCESS,AMERICAN,VITAMIN D FORT","CHEESE,MEXICAN,QUESO ASADERO",20,16,"CHEESE,LOW-SODIUM,CHEDDAR OR COLBY",9
10,"CHEESE SPRD,PAST PROCESS,AMERICAN","CHEESE,MEXICAN,QUESO CHIHUAHUA",19,16,"CHEESE,MOZZARELLA,LO MOIST,PART-SKIM",15
11,"CREAM,FLUID,LT WHIPPING","CREAM,SOUR,CULTURED",12,11,"SOUR CREAM,LIGHT",5
12,"MILK,WHL,3.25% MILKFAT,W/ ADDED VITAMIN D","MILK,RED FAT,FLUID,2% MILKFAT,W/ ADDED VIT A & VITAMIN D",1,0,"MILK,LOWFAT,FLUID,1% MILKFAT,W/ ADDED VIT A & VITAMIN D",-1
13,"MILK,LO NA,FLUID","MILK,RED FAT,FLUID,2% MILKFAT,W/ ADDED VIT A & VITAMIN D",1,0,"MILK,LOWFAT,FLUID,1% MILKFAT,W/ ADDED VIT A & VITAMIN D",-1
14,"MILK,DRY,WHL,W/ ADDED VITAMIN D","MILK,CND,COND,SWTND",23,16,"YOGURT,PLN,SKIM MILK,13 GRAMS PROT PER 8 OZ",-2
15,"MILK,CND,COND,SWTND","MILK,BTTRMLK,FLUID,CULTURED,LOWFAT",16,1,"YOGURT,PLN,SKIM MILK,13 GRAMS PROT PER 8 OZ",-2
16,"CHEESE,MEXICAN,QUESO ANEJO","CHEESE,MUENSTER",20,15,"CHEESE,LOW-SODIUM,CHEDDAR OR COLBY",9
17,"CHEESE,MEXICAN,QUESO ASADERO","CHEESE,MONTEREY",16,15,"CHEESE,LOW-SODIUM,CHEDDAR OR COLBY",9
18,"CHEESE,MEXICAN,QUESO CHIHUAHUA","CHEESE,MUENSTER",16,15,"CHEESE,LOW-SODIUM,CHEDDAR OR COLBY",9
19,"SOUR CREAM,LIGHT","MILK,CND,EVAP,W/ ADDED VITAMIN D & WO/ ADDED VIT A",5,4,"YOGURT,GREEK,PLN,NONFAT",-5
20,KRAFT CHEEZ WHIZ LT PAST PROCESS CHS PRODUCT,"CHEESE,GOAT,SEMISOFT TYPE",14,13,"EGG,WHL,RAW,FRZ,SALTED,PAST",9
21,"CHEESE,FRSH,QUESO FRESCO","CHEESE,MONTEREY",16,15,"CHEESE,MOZZARELLA,WHL MILK",14
22,"ICE CRM SNDWCH,MADE W/ LT ICE CRM,VANILLA","MILK DSSRT BAR,FRZ,MADE FROM LOWFAT MILK",4,-1,"ICE CRM SNDWCH,VANILLA,LT,NO SUGAR ADDED",-4
23,"ALLSPICE,GROUND","ROSEMARY,FRESH",-3,-4,"SPICES,TARRAGON,DRIED",-6
24,"SPICES,BAY LEAF","DILL WEED,DRIED",-4,-5,"MARJORAM,DRIED",-7
25,CHILI POWDER,"CLOVES,GROUND",6,1,"PEPPER,RED OR CAYENNE",-2
26,"CLOVES,GROUND","ALLSPICE,GROUND",1,-3,"SPICES,CARDAMOM",-7
27,"DILL WEED,DRIED","SPICES,TARRAGON,DRIED",-5,-6,"MARJORAM,DRIED",-7
28,"GINGER,GROUND","SPICES,TARRAGON,DRIED",-4,-6,"PEPPERMINT,FRESH",-7
29,"NUTMEG,GROUND","SPICES,TARRAGON,DRIED",8,-6,"MARJORAM,DRIED",-7
30,POULTRY SEASONING,"SPICES,TARRAGON,DRIED",-4,-6,"MARJORAM,DRIED",-7
31,"SAVORY,GROUND",FENNEL SEED,-3,-6,"THYME,FRSH",-7
32,"SPICES,THYME,DRIED",FENNEL SEED,-5,-6,"MARJORAM,DRIED",-7
33,"BASIL,FRESH","SPICES,OREGANO,DRIED",-2,-6,DILL SEED,-7
34,"ROSEMARY,FRESH","SPICES,TARRAGON,DRIED",-4,-6,"SPICES,OREGANO,DRIED",-6
35,"SPEARMINT,DRIED","SPICES,TARRAGON,DRIED",-3,-6,"MARJORAM,DRIED",-7
36,"INF FORMU, ME JOHNS, ENFAM, ENFA LIP, W/IRO, POW, W/AR/AN DH","BABYFD,FRU,BAN AND STRAW, JU",22,4,"BABYFOOD,DSSRT,PEACH MELBA,STR",0
37,"INFFORMULA, MEAD JOHNS,ENFAMIL,PROSOB,LIPI,LC,NOTREC,ARA&DHA","INF FORMULA, ABB NUTR, SIMIL, ISOMIL, ADVA W/ IRON,LIQ CONC",5,4,"BABYFOOD,DINNER,SPAGHETTI&TOMATO&MEAT,JR",-2
38,"INF FORMULA, ABB NUTR, SIMI, ISOMI, ADVAN W/ IRO ,PD,NOT REC","BABYFOOD,DINNER,MXD VEG,JR",22,0,"BABYFOOD,DINNER,VEG&HAM,STR",-2
39,"INF FORMULA, ABBO NUTR, SIMIL, FOR SPIT UP, RTF,W/ ARA & DHA","BABYFOOD,JUC,ORANGE&APPL&BANANA",3,2,"BABYFOOD,DINNER,VEG,NOODLES&CHICK,STR",-2
40,"MARGARINE,REG,HARD,SOYBN (HYDR)",LARD,28,20,"USDA CMDTY FD,OIL,VEG,SOYBN,REFINED",20
41,"SALAD DRSNG,RANCH DRSNG,COMM,REG","SALAD DRSNG,SESAME SD DRSNG,REG",22,20,"SALAD DRSNG,RUSSIAN DRSNG",19
42,"MARGARINE,INDUS,SOY & PART HYDR SOY OIL,BAKING,SAUCES,CANDY","OIL,AVOCADO",27,20,"VEG OIL SPRD,UNSPEC OILS,APPROX 37% FAT,W/ SALT",18
43,"CHICKEN,BROILERS OR FRYERS,DRUMSTK,MEAT&SKN,RAW","CHICKEN,BROILERS OR FRYERS,DK MEAT,MEAT ONLY,CKD,STWD",0,-1,"DUCK,DOMESTICATED,LIVER,RAW",-2
44,"CHICKEN,BROILERS OR FRYERS,NECK,MEAT&SKN,CKD,FRIED,FLR","DUCK,YNG DUCKL,DOM,WH PEKIN,LEG,MEAT,BONE IN,CKD WO/SKN,BRSD",5,-1,"OSTRICH,INSIDE LEG,RAW",-4
45,"CHICKEN,BROILERS OR FRYERS,WING,MEAT&SKN,CKD,FRIED,FLR","CHICKEN,BROILERS OR FRYERS,THIGH,MEAT ONLY,CKD,FRIED",5,0,"CHICKEN,STEWING,LT MEAT,MEAT ONLY,RAW",-4
46,"TURKEY BREAST,PRE-BASTED,MEAT&SKN,CKD,RSTD","CHICKEN,BROILERS OR FRYERS,DK MEAT,DRUMSTK,MEAT ONLY,CKD,RST",0,-2,"TURKEY,BACK,FROM WHL BIRD,ENHANCED,MEAT ONLY,RSTD",-2
47,"USDA CMDTY,TURKEY TACO MEAT,FRZ,CKD","CHICKEN,CAPONS,MEAT&SKN,RAW",4,1,"TURKEY,WHL,MEAT & SKN,CKD,RSTD",0
48,"CHICKEN,SKN (DRUMSTICKS & THIGHS),ENHANCED,CKD,RSTD","CHICKEN,BROILERS OR FRYERS,DRUMSTK,MEAT&SKN,CKD,FRIED,FLR",11,1,"QUAIL,MEAT ONLY,RAW",-3
49,"TURKEY,ENHANCED,SKN FROM WHL (LIGHT & DARK),RAW","CHICKEN,CORNISH GAME HENS,MEAT&SKN,CKD,RSTD",10,3,"CHICKEN,BROILERS OR FRYERS,MEAT&SKN&GIBLETS&NECK,FRIED,FLR",2
50,"TURKEY,ENHANCED,SKN FROM WHL,(LIGHT & DARK),RSTD","TURKEY,THIGH,FROM WHL BIRD,MEAT ONLY,RSTD",12,-1,"CHICKEN,BROILERS OR FRYERS,BREAST,MEAT ONLY,CKD,STWD",-4
51,"CAMPBELL'S,CHEDDAR CHS SOUP,COND","PREGO PASTA,RSTD GARLIC PARMESAN ITAL SAU,RTS",7,2,"SOUP,CRM OF MUSHROOM,LO NA,RTS,CND",1
52,"SOUP,BEEF BROTH,CUBED,DRY","SWANSON BROTH,VEG BROTH",11,4,"SAUCE,PEPPERS,HOT,CHILI,MATURE RED,CND",0
53,"CAMPBELL'S RED & WHITE,CRM OF ASPARAGUS SOUP,COND","SOUP,ONION,DRY,MIX,PREP W/ H2O",6,3,"CAMPBELL'S LO NA SOUPS,CHICK BROTH",0
54,CAMPBELL'S GOLDEN PORK GRAVY,"SOUP,VEG W/ BF BROTH,CND,COND",6,3,"CAMPBELL'S,CHUNKY MICRO BOWLS,SIRL BRGER W/CNTRY VEG,RTS",0
55,"CAMPBELL'S RED & WHITE,CRM OF ONION SOUP,COND","CAMPBELL'S RED & WHITE,ITALIAN STYLE W",7,4,"SOUP,VEG SOUP,COND,LO NA,PREP W/ EQ VOLUME H2O",1
56,"CAMPBELL'S RED & WHITE,CRM OF SHRIMP SOUP,COND","CAMPBELL'S,RED & WHITE,CHICK NOODLE SOUP,COND",8,6,"SMART SOUP,THAI COCNT CURRY",0
57,"CAMPBELL'S,TOMATO SOUP,COND","SOUP,BF BROTH,BOUILLON,CONSOMME,PREP W/ EQ VOLUME H2O",4,1,"SOUP,CHICK,CND,CHUNKY,RTS",0
58,"PACE,GRN TACO SAU","CAMPBELL'S,CRM OF POTATO SOUP,COND",7,5,CAMPBELL'S HOMESTYLE HR CHICK W/ WHL GRAIN PASTA SOUP,-1
59,"SAUCE,CHS SAU MIX,DRY","SOUP,CHICK & VEG,CND,RTS",20,1,"CAMPBELL'S SOUP ON THE GO,HR CHICK W/ MINI NOODLES SOUP",1
60,"SOUP,CRM OF CHICK,CND,COND,SINGLE BRAND","CAMPBELLS RED & WHITE,BF CONSOMME,COND",9,5,"SOUP,VEG BF,CND,COND,SINGLE BRAND",4
61,"BOLOGNA,BF","BOLOGNA,MEAT & POULTRY",18,15,"FRANKFURTER,CHICK",8
62,"CHORIZO,PORK AND BEEF","Frankfurter, meat and poultry, unheated",20,15,SAUSAGE  BERLINER  PORK  BF,13
63,"BEEF SAUSAGE,PRE-COOKED","LUNCHEON MEAT,PORK W/HAM,MINCED,CND,INCL SPAM (HORMEL)",19,17,"TURKEY,PORK,&BF SAUSAGE,LOFAT,SMOKED",5
64,"KIELBASA,FULLY CKD,GRILLED","HAM,MINCED",18,15,"MEATBALLS,FRZ,ITALIAN STYLE",10
65,"CEREALS RTE,GENERAL MILLS,GOLDEN GRAHAMS","CEREALS,OATS,REG & QUICK,NOT FORT,DRY",11,-5,"INCAPARINA,DRY MIX (CORN & SOY FLOURS),UNPREP",-6
66,"CEREALS RTE,GENERAL MILLS,HONEY NUT CHEX","CEREALS RTE,GENERAL MILLS,COUNT CHOCULA",9,8,"CEREALS,OATS,INST,FORT,PLN,DRY",-3
67,"CEREALS RTE,GENERAL MILLS,BOO BERRY","CEREALS,OATS,INST,FORT,W/ RAISINS & SPICE,PREP W/ H2O",8,1,"CEREALS RTE,QUAKER,SHREDDED WHEAT,BAGGED CRL",-6
68,"CEREALS RTE,MALT-O-MEAL,BERRY COLOSSAL CRUNCH","CEREALS RTE,GENERAL MILLS,FIBER ONE 80 CAL,HONEY SQUARES",19,2,"CEREALS,CRM OF WHT,2 1/2 MIN CK,CKD W/H2O,STOVE-TOP,WO/SALT",0
69,"CEREALS,QUAKER,INST OATMEAL,DINOSAUR EGGS,BROWN SUGAR,DRY","CEREALS RTE,GENERAL MILLS,FIBER ONE,RAISIN BRAN CLUSTERS",7,4,"CEREALS,WHEATENA,CKD W/ H2O",-3
70,"CEREALS,QUAKER,INST GRITS PRODUCT W/ AMERICAN CHS FLAVOR,DRY","CEREALS,CRM OF WHT,2 1/2 MIN CK,CKD W/H2O,STOVE-TOP,WO/SALT",6,0,"CEREALS,CRM OF WHEAT,REG,10 MINUTE COOKING,DRY",-5
71,"CEREALS RTE,MALT-O-MEAL,APPL ZINGS","CEREALS RTE,GENERAL MILLS,APPL CINN CHEX",14,12,"CEREALS RTE,POST,GRAPE-NUTS FLAKES",2
72,"CEREALS RTE,KELLOGG,KELLOGG'S CINNABON CRL","CEREALS RTE,GENERAL MILLS,DORA THE EXPLORER",12,6,"CEREALS,QUAKER,QUICK OATS W/ IRON,DRY",-6
73,"CEREALS RTE,KELLOGG,KELLOGG'S SPL K,CINN PECAN","CEREALS RTE,GENERAL MILLS,OAT CLUSTER CHEERIOS CRUNCH",7,5,"CEREALS RTE,KELLOGG SCOOBY-DOO! CRL",1
74,"CEREALS RTE,QUAKER,CAP'N CRUNCH'S HALLOWEEN CRUNCH","CEREALS,OATS,INST,FORT,W/ RAISINS & SPICE,DRY",20,7,"CEREALS RTE,KELLOGG,KELLOGG'S SPL K,CINN PECAN",7
75,"CEREALS RTE,MALT-O-MEAL,CHOC MARSHMLLW MATEYS","CEREALS RTE,FRSTD OAT CRL W/MARSHMALLOWS",14,9,"CEREALS,OATS,INST,FORT,W/ RAISINS & SPICE,PREP W/ H2O",1
76,"APRICOTS,CND,LT SYRUP PK,W/SKN,SOL&LIQUIDS","CHERRIES,SWT,CND,H2O PK,SOL&LIQUIDS",2,1,"FIGS,CND,H2O PK,SOL&LIQUIDS",0
77,"APRICOTS,CND,HVY SYRUP PK,W/SKN,SOL&LIQUIDS","CHERRIES,SWT,CND,H2O PK,SOL&LIQUIDS",4,1,"FIGS,CND,H2O PK,SOL&LIQUIDS",0
78,"BANANAS,DEHYD,OR BANANA PDR","PLUMS,DRIED (PRUNES),UNCKD",7,4,"STRAWBERRIES,FRZ,UNSWTND",-1
79,"BLACKBERRY JUC,CND",HORNED MELON (KIWANO),1,-1,"Grapes, muscadine, raw",-4
80,"CHERRIES,TART,DRIED,SWTND","BLUEBERRIES,DRIED,SWTND",12,7,"APPLES,CND,SWTND,SLICED,DRND,HTD",1
81,"BLUEBERRIES,RAW","RAISINS,SEEDED",0,-3,"LOGANBERRIES,FROZEN",-4
82,"CRANBERRIES,DRIED,SWTND","BLUEBERRIES,DRIED,SWTND",8,7,"APPLES,CND,SWTND,SLICED,DRND,HTD",1
83,"FIGS,CND,LT SYRUP PK,SOL&LIQUIDS","CHERRIES,SWT,CND,H2O PK,SOL&LIQUIDS",2,1,"FIGS,CND,H2O PK,SOL&LIQUIDS",0
84,"FIGS,CND,HVY SYRUP PK,SOL&LIQUIDS","APRICOTS,CND,LT SYRUP PK,W/SKN,SOL&LIQUIDS",3,2,"FIGS,CND,H2O PK,SOL&LIQUIDS",0
85,"GRAPEFRUIT,RAW,PINK&RED&WHITE,ALL AREAS","LIMES,RAW",0,-2,"CURRANTS,RED&WHITE,RAW",-3
86,"GRAPEFRUIT JUC,WHITE,RAW","GRAPEFRUIT JUC,WHITE,CND,UNSWTND",2,1,"STRAWBERRIES,FRZ,UNSWTND",-1
87,"GRAPES,RED OR GRN (EURO TYPE,SUCH AS THOMPSON SEEDLESS),RAW","RASPBERRIES,FRZ,RED,SWTND",3,1,"BLACKBERRIES,FRZ,UNSWTND",-3
88,"LIME JUICE,RAW","BLACKBERRIES,RAW",0,-4,"RASPBERRIES,RAW",-5
89,"LITCHIS,RAW","PINEAPPLE,RAW,ALL VAR",2,1,"CARAMBOLA,(STARFRUIT),RAW",-2
90,"MELONS,CANTALOUPE,RAW","FRUIT COCKTAIL,CND,H2O PK,SOL&LIQUIDS",1,0,"LEMONS,RAW,WITHOUT PEEL",-2
91,"MULBERRIES,RAW","PERSIMMONS,JAPANESE,RAW",0,-1,"BLACKBERRIES,FRZ,UNSWTND",-3
92,"ORANGE JUC,FRZ CONC,UNSWTND,UNDIL,W/ ADDED CA","PRUNE JUICE,CANNED",5,2,"CHERRIES,SOUR,RED,CND,LT SYRUP PK,SOL&LIQUIDS",0
93,"TANGERINES,(MANDARIN ORANGES),RAW","FRUIT COCKTAIL,CND,H2O PK,SOL&LIQUIDS",1,0,"LEMONS,RAW,WITHOUT PEEL",-2
94,"TANGERINE JUICE,RAW","ORANGE JUC,CHILLED,INCL FROM CONC",2,1,"ACEROLA JUICE,RAW",0
95,"PAPAYA,CND,HVY SYRUP,DRND","BLUEBERRIES,FRZ,SWTND",11,3,"ORANGE PEEL,RAW",-4
96,"PAPAYA NECTAR,CANNED","APPLES,CND,SWTND,SLICED,DRND,HTD",3,1,"LOGANBERRIES,FROZEN",-4
97,"PEACHES,CND,HVY SYRUP PK,SOL&LIQUIDS","PEACHES,CND,LT SYRUP PK,SOL&LIQUIDS",3,1,"PEARS,CND,HVY SYRUP,DRND",1
98,"PEACHES,DRIED,SULFURED,UNCKD","PLUMS,DRIED (PRUNES),STWD,WO/ ADDED SUGAR",4,3,"FIGS,DRIED,STEWED",2
99,"PEARS,CND,HVY SYRUP PK,SOL&LIQUIDS","PEACHES,CND,LT SYRUP PK,SOL&LIQUIDS",2,1,"PEARS,CND,HVY SYRUP,DRND",1
100,"PEAR NECTAR,CND,WO/ VIT C","FRUIT COCKTAIL,CND,HVY SYRUP,DRND",3,2,"FIGS,CND,H2O PK,SOL&LIQUIDS",0
101,"PINEAPPLE,RAW,ALL VAR","KIWIFRUIT,GRN,RAW",1,-2,"CARAMBOLA,(STARFRUIT),RAW",-2
102,"PINEAPPLE,CND,H2O PK,SOL&LIQUIDS","CARAMBOLA,(STARFRUIT),RAW",1,-2,"KIWIFRUIT,GRN,RAW",-2
103,"PINEAPPLE,CND,JUC PK,SOL&LIQUIDS","MELONS,CANTALOUPE,RAW",3,1,"LEMONS,RAW,WITHOUT PEEL",-2
104,"PINEAPPLE,CND,LT SYRUP PK,SOL&LIQUIDS","CARAMBOLA,(STARFRUIT),RAW",2,-2,"KIWIFRUIT,GRN,RAW",-2
105,"PINEAPPLE,CND,HVY SYRUP PK,SOL&LIQUIDS","PINEAPPLE,CND,LT SYRUP PK,SOL&LIQUIDS",3,2,"KIWIFRUIT,GRN,RAW",-2
106,"PINEAPPLE,FRZ,CHUNKS,SWTND","APRICOTS,RAW",4,0,"NANCE,CND,SYRUP,DRND",-1
107,"PLANTAINS,RAW","PEARS,CND,HVY SYRUP,DRND",2,1,"NECTARINES,RAW",0
108,"PLANTAINS,COOKED","PEACHES,CND,LT SYRUP PK,SOL&LIQUIDS",2,1,"NECTARINES,RAW",0
109,"PLUMS,CND,PURPLE,H2O PK,SOL&LIQUIDS","PEARS,CND,HVY SYRUP,DRND",2,1,"PEACHES,CND,LT SYRUP PK,SOL&LIQUIDS",1
110,"PLUMS,DRIED (PRUNES),UNCKD","PLUMS,DRIED (PRUNES),STWD,WO/ ADDED SUGAR",4,3,"FIGS,DRIED,STEWED",2
111,"FRUIT COCKTAIL,CND,HVY SYRUP,DRND","PEARS,CND,HVY SYRUP,DRND",2,1,"PEACHES,CND,JUC PK,SOL&LIQUIDS",1
112,"PEACHES,CND,HVY SYRUP,DRND","PEACHES,CND,LT SYRUP PK,SOL&LIQUIDS",2,1,"PEARS,CND,HVY SYRUP,DRND",1
113,"PLUMS,CND,HVY SYRUP,DRND","PEARS,CND,HVY SYRUP,DRND",4,1,"PEACHES,CND,LT SYRUP PK,SOL&LIQUIDS",1
114,"DATES,MEDJOOL","BLUEBERRIES,RAW",7,0,"RAISINS,SEEDED",-3
115,"JUICE,APPL & GRAPE BLEND,W/ ADDED VIT C","ORANGE JUC,CHILLED,INCL FROM CONC",2,1,"BLACKBERRIES,FRZ,UNSWTND",-3
116,"JUICE,APPL,GRAPE & PEAR BLEND,W/ ADDED VIT C & CA","PEACHES,CND,EX HVY SYRUP PK,SOL&LIQUIDS",2,0,"APRICOTS,CND,H2O PK,WO/SKN,SOL&LIQUIDS",-1
117,ORANGE PNAPPL JUC BLEND,"GRAPEFRUIT JUC,WHITE,CND,UNSWTND",2,1,"LEMON JUC,CND OR BTLD",0
118,"JUICE SMOOTHIE,NAKED JUC,GRN MACHINE","SAPODILLA,RAW",2,-4,"GUAVAS,STRAWBERRY,RAW",-5
119,"PORK,FRSH,CARCASS,LN&FAT,RAW","PORK,CURED,HAM & H2O PRODUCT,WHL,BNLESS,LN & FAT,HTD,RSTD",9,8,"PORK,FRSH,LOIN,CNTR RIB (CHOPS OR ROASTS),BONE-IN,LN&FAT,RAW",-1
120,"PORK,FRSH,VAR MEATS&BY-PRODUCTS,TAIL,RAW","PORK,FRSH,VAR MEATS&BY-PRODUCTS,STOMACH,RAW",9,0,"PORK,FRSH,LOIN,CNTR LOIN (CHOPS),BONE-IN,LN,CKD,BRLD",-1
121,"PORK,CURED,HAM & H2O PRODUCT,SHANK,BONE-IN,LN & FAT,UNHTD","PORK,FRSH,ENHANCED,COMP OF FAT,RAW",14,11,"PORK,FRSH,SHLDR,(BOSTON BUTT),BLADE (STEAKS),LN & FAT,RAW",1
122,"PORK,CURED,HAM -- H2O ADDED,SLCE,BNLESS,LN & FAT,HTD,PAN-BRL","PORK,CURED,HAM W/ NAT JUICES,SHANK,BONE-IN,LN,UNHTD",7,5,"PORK,FRSH,ENHCED,SHLDR,(BOSTON BUTT),BLDE (STKS),LN,CKD,BRSD",2
123,"PORK,CURED,HAM -- H2O ADDED,WHL,BNLESS,LN & FAT,HTD,RSTD","PORK,FRSH,LOIN,CNTR RIB (ROASTS),BONE-IN,LN&FAT,CKD,RSTD",7,4,"PORK,FRSH,LOIN,BLADE (CHOPS),BONE-IN,LN,CKD,BRSD",-1
124,"ARROWHEAD,RAW","CORIANDER (CILANTRO) LEAVES,RAW",-2,-3,"DOCK,RAW",-4
125,"BALSAM-PEAR (BITTER GOURD),LEAFY TIPS,RAW","DOCK,RAW",-3,-4,"LAMBSQUARTERS,RAW",-6
126,"BAMBOO SHOOTS,CND,DRND SOL","TARO,RAW",-2,-3,"TARO LEAVES,RAW",-6
127,"BEANS,SHELLIE,CND,SOL & LIQUIDS","ONIONS,SPRING OR SCALLIONS (INCL TOPS&BULB),RAW",-1,-3,"LIMA BNS,IMMAT SEEDS,RAW",-8
128,"BEETS,CND,DRND SOL","CORN,SWT,WHITE,CND,VACUUM PK,REG PK",2,0,"MUSHROOMS,BROWN,ITALIAN,OR CRIMINI,RAW",-1
129,"BUTTERBUR,(FUKI),RAW","LETTUCE,COS OR ROMAINE,RAW",0,-2,"SPINACH,FRZ,CHOPD OR LEAF,UNPREP",-5
130,"CABBAGE,RAW","BROCCOLI,RAW",-2,-3,"CHIVES,RAW",-4
131,"CABBAGE,RED,RAW","BROCCOLI,RAW",-2,-3,"BRUSSELS SPROUTS,RAW",-6
132,"CABBAGE,CHINESE (PAK-CHOI),RAW","CABBAGE,RED,RAW",-1,-2,"BROCCOLI,RAW",-3
133,"CARDOON,RAW","LETTUCE,COS OR ROMAINE,RAW",0,-2,"SPINACH,FRZ,CHOPD OR LEAF,UNPREP",-5
134,"CASSAVA,RAW","LETTUCE,BUTTERHEAD (INCL BOSTON&BIBB TYPES),RAW",0,-1,"SOYBEANS,GREEN,RAW",-8
135,"CAULIFLOWER,RAW","BRUSSELS SPROUTS,RAW",-3,-6,"LIMA BNS,IMMAT SEEDS,RAW",-8
136,"CELERY,RAW","BEANS,SNAP,GREEN,RAW",-1,-3,"BEANS,NAVY,MATURE SEEDS,SPROUTED,RAW",-3
137,"CELTUCE,RAW","LETTUCE,COS OR ROMAINE,RAW",-1,-2,"SPINACH,FRZ,CHOPD OR LEAF,UNPREP",-5
138,"CHARD,SWISS,RAW","ENDIVE,RAW",0,-3,"SWEET POTATO LEAVES,RAW",-6
139,"CHAYOTE,FRUIT,CKD,BLD,DRND,WO/SALT","TARO,RAW",-2,-3,"SALSIFY,(VEG OYSTER),RAW",-4
140,"CHICORY,WITLOOF,RAW","SALSIFY,(VEG OYSTER),RAW",-3,-4,"TARO LEAVES,RAW",-6
141,"CHICORY GREENS,RAW","LAMBSQUARTERS,RAW",-5,-6,"TARO LEAVES,RAW",-6
142,"CHICORY ROOTS,RAW","SWEET POTATO,RAW,UNPREP",0,-2,"LOTUS ROOT,RAW",-6
143,"CORIANDER (CILANTRO) LEAVES,RAW","MUSTARD GREENS,RAW",-3,-4,"CHIVES,FREEZE-DRIED",-7
144,"CRESS,GARDEN,RAW","ONIONS,SPRING OR SCALLIONS (INCL TOPS&BULB),RAW",-2,-3,"BRUSSELS SPROUTS,RAW",-6
145,"CUCUMBER,WITH PEEL,RAW","CHAYOTE,FRUIT,CKD,BLD,DRND,WO/SALT",0,-2,"SALSIFY,(VEG OYSTER),RAW",-4
146,"CUCUMBER,PEELED,RAW","SQUASH,SMMR,ALL VAR,RAW",0,-1,"CABBAGE,SAVOY,RAW",-4
147,"EGGPLANT,CKD,BLD,DRND,WO/SALT","CHICORY,WITLOOF,RAW",-2,-3,"LOTUS ROOT,RAW",-6
148,"JUTE,POTHERB,RAW","CHICORY GREENS,RAW",-2,-5,"TARO LEAVES,RAW",-6
149,"LETTUCE,BUTTERHEAD (INCL BOSTON&BIBB TYPES),RAW","EGGPLANT,RAW",-1,-3,"SOYBEANS,GREEN,RAW",-8
150,"LETTUCE,GRN LEAF,RAW","LETTUCE,COS OR ROMAINE,RAW",-1,-2,"SALSIFY,(VEG OYSTER),RAW",-4
151,"MOUNTAIN YAM,HAWAII,RAW","SALSIFY,(VEG OYSTER),RAW",-2,-4,"LOTUS ROOT,RAW",-6
152,"MUSHROOMS,CND,DRND SOL","PEAS,GRN,CND,DRND SOL,RINSED IN TAP H2O",1,0,"CORN,SWT,WHITE,CKD,BLD,DRND,WO/SALT",-2
153,"NEW ZEALAND SPINACH,CKD,BLD,DRND,WO/SALT","PICKLES,CUCUMBER,SOUR,LO NA",0,-1,"LEEKS,(BULB&LOWER LEAF-PORTION),CKD,BLD,DRND,WO/SALT",-1
154,"OKRA,CKD,BLD,DRND,WO/SALT","TARO LEAVES,RAW",-3,-6,"DRUMSTICK LEAVES,RAW",-7
155,"OKRA,FROZEN,UNPREPARED","TARO LEAVES,RAW",-3,-6,"DRUMSTICK LEAVES,RAW",-7
156,"ONIONS,DEHYDRATED FLAKES","TURNIP GRNS,CKD,BLD,DRND,W/SALT",2,-1,"CORNSALAD,RAW",-1
157,"ONIONS,YEL,SAUTEED","CHICORY GREENS,RAW",1,-5,"LAMBSQUARTERS,RAW",-6
158,"PEPPERS,HOT CHILI,GRN,CND,PODS,EXCLUDING SEEDS,SOL&LIQUIDS","CAULIFLOWER,GREEN,RAW",9,-4,"LAMBSQUARTERS,RAW",-6
159,"POTATOES,BKD,FLESH,WO/SALT","POTATOES,RUSSET,FLESH & SKN,RAW",-1,-2,"PEAS,GRN,CND,NO SALT,SOL&LIQUIDS",-4
160,"POTATOES,MSHD,HOME-PREPARED,WHL MILK & MARGARINE ADDED","LAMBS QUARTERS,CKD,BLD,DRND,W/SALT",2,-1,"POTATOES,WHITE,FLESH & SKN,RAW",-3
161,"POTATOES,AU GRATIN,HOME-PREPARED FROM RECIPE USING BUTTER","PEPPERS,SWT,RED,CKD,BLD,DRND,W/SALT",5,1,"PEPPERS,SWT,RED,FRZ,CHOPD,UNPREP",-1
162,"POTATOES,MSHD,DEHYD,PREP FROM FLAKES WO/ MILK,WHL MILK & BUT","ASPARAGUS,CND,REG PK,SOL&LIQUIDS",4,1,"TOMATO PRODUCTS,CND,PUREE,WO/SALT",-1
163,"POTATOES,FRENCH FR,SHOESTRING,SALT ADDED IN PROC,FRZ,AS PRCH","CORN,SWT,WHITE,CND,CRM STYLE,REG PK",3,0,"EPPAW,RAW",-1
164,"POTATOES,O'BRIEN,FRZ,PREP","CHAYOTE,FRUIT,CKD,BLD,DRND,W/SALT",3,0,"SOYBEANS,MATURE SEEDS,SPROUTED,CKD,STMD,W/SALT",-2
165,"POTATOES,FRENCH FR,COTTAGE-CUT,SALT NOT ADDED,FRZ,OVEN-HTD","MUSHROOMS,BROWN,ITALIAN,OR CRIMINI,RAW",0,-1,"CORN,SWT,YEL,FRZ,KRNLS ON COB,UNPREP",-3
166,"POTATO SALAD,HOME-PREPARED","TOMATOES,RED,RIPE,CKD",5,0,"PEAS,EDIBLE-PODDED,FRZ,CKD,BLD,DRND,W/SALT",-2
167,"PUMPKIN FLOWERS,CKD,BLD,DRND,WO/SALT","CORN,SWT,WHITE,CND,WHL KERNEL,NO SALT,SOL&LIQUIDS",0,-1,"CABBAGE,SAVOY,CKD,BLD,DRND,WO/SALT",-3
168,"PUMPKIN LEAVES,RAW","TARO LEAVES,RAW",-1,-6,"DRUMSTICK LEAVES,RAW",-7
169,"PUMPKIN,RAW","WATERCRESS,RAW",0,-1,"SOYBEANS,GREEN,RAW",-8
170,"RADISHES,ORIENTAL,CKD,BLD,DRND,WO/SALT","SPINACH,CKD,BLD,DRND,WO/ SALT",-1,-3,"POTATOES,MICROWAVED,CKD,IN SKN,SKN W/SALT",-4
171,"SEAWEED,IRISHMOSS,RAW","SEAWEED,LAVER,RAW",-1,-3,"SEAWEED,AGAR,DRIED",-4
172,"SEAWEED,KELP,RAW","AMARANTH LEAVES,RAW",0,-1,"CHIVES,RAW",-4
173,"SEAWEED,LAVER,RAW","SEAWEED,AGAR,DRIED",-3,-4,"TARO LEAVES,RAW",-6
174,"SQUASH,WNTR,ACORN,CKD,BLD,MSHD,WO/SALT","CAULIFLOWER,CKD,BLD,DRND,WO/SALT",-2,-3,"PEAS,EDIBLE-PODDED,FRZ,CKD,BLD,DRND,WO/SALT",-4
175,"SWAMP CABBAGE,CKD,BLD,DRND,WO/SALT","EGGPLANT,CKD,BLD,DRND,WO/SALT",-1,-2,"CABBAGE,SAVOY,RAW",-4
176,"SWEET POTATO LEAVES,CKD,STMD,WO/ SALT","BROCCOLI RAAB,CKD",-1,-4,"POTATOES,MSHD,DEHYD,FLAKES WO/MILK,DRY FORM",-5
177,"SWEET POTATO,RAW,UNPREP","SALSIFY,(VEG OYSTER),RAW",-2,-4,"LOTUS ROOT,RAW",-6
178,"TARO,RAW","SALSIFY,(VEG OYSTER),RAW",-3,-4,"LOTUS ROOT,RAW",-6
179,"TARO SHOOTS,RAW","POKEBERRY SHOOTS,(POKE),RAW",0,-2,"CHICORY,WITLOOF,RAW",-3
180,"TOMATOES,GREEN,RAW","BEET GREENS,RAW",-1,-2,"MUSHROOMS,SHIITAKE,RAW",-3
181,"TOMATO JUC,CND,W/SALT","BROCCOLI,RAW",2,-3,"PEAS,EDIBLE-PODDED,RAW",-3
182,"TURNIP GREENS,RAW","CHIVES,RAW",-3,-4,"SWEET POTATO LEAVES,RAW",-6
183,"TURNIP GRNS,CND,SOL&LIQUIDS","CORN,SWT,WHITE,CKD,BLD,DRND,W/SALT",2,0,"TOMATO SAU,CND,NO SALT ADDED",-1
184,"TURNIP GRNS,FRZ,UNPREP","SEAWEED,AGAR,DRIED",-3,-4,"CHICORY GREENS,RAW",-5
185,"VEGETABLE JUC COCKTAIL,CND","ONIONS,SPRING OR SCALLIONS (INCL TOPS&BULB),RAW",1,-3,"EDAMAME,FRZ,UNPREP",-9
186,"VINESPINACH,(BASELLA),RAW","CHICORY GREENS,RAW",-1,-5,"TARO LEAVES,RAW",-6
187,"WATERCHESTNUTS,CHINESE,(MATAI),RAW","MOUNTAIN YAM,HAWAII,RAW",-1,-2,"LOTUS ROOT,RAW",-6
188,"WAXGOURD,(CHINESE PRESERVING MELON),CKD,BLD,DRND,WO/SALT","POTATOES,MICROWAVED,CKD IN SKN,FLESH,WO/SALT",0,-1,"POTATOES,BKD,FLESH & SKN,WO/ SALT",-2
189,"WINGED BEAN LEAVES,RAW","CHICORY GREENS,RAW",-3,-5,"TARO LEAVES,RAW",-6
190,"BORAGE,RAW","ENDIVE,RAW",-1,-3,"TURNIP GREENS,RAW",-3
191,"BORAGE,CKD,BLD,DRND,WO/SALT","JUTE,POTHERB,RAW",-1,-2,"LAMBSQUARTERS,RAW",-6
192,"PEPPERS,JALAPENO,CND,SOL&LIQUIDS","CRESS,GARDEN,RAW",8,-2,"BRUSSELS SPROUTS,RAW",-6
193,"SHALLOTS,FREEZE-DRIED","LEEKS,(BULB&LOWER LEAF-PORTION),RAW",2,-1,"LIMA BNS,IMMAT SEEDS,RAW",-8
194,"CORN PUDD,HOME PREP","SQUASH,SMMR,CROOKNECK&STRAIGHTNECK,CKD,BLD,DRND,W/SALT",4,1,"SOYBEANS,MATURE SEEDS,SPROUTED,RAW",-5
195,"POTATOES,MSHD,HOME-PREPARED,WHL MILK ADDED","CORN,SWT,WHITE,FRZ,KRNLS CUT OFF COB,UNPREP",2,-1,"MUSHROOMS,WHITE,CKD,BLD,DRND,WO/ SALT",-3
196,"SEAWEED,WAKAME,RAW","SEAWEED,IRISHMOSS,RAW",8,-1,"SEAWEED,AGAR,DRIED",-4
197,"BORAGE,CKD,BLD,DRND,W/SALT","BAMBOO SHOOTS,CKD,BLD,DRND,W/SALT",2,1,"COLLARDS,CKD,BLD,DRND,WO/SALT",-5
198,"CABBAGE,RED,CKD,BLD,DRND,W/SALT","POTATOES,BKD,FLESH,WO/SALT",0,-1,"POTATOES,RUSSET,FLESH & SKN,RAW",-2
199,"CARROTS,CKD,BLD,DRND,W/SALT","LOTUS ROOT,CKD,BLD,DRND,WO/SALT",0,-3,"PEPPERS,ANCHO,DRIED",-7
200,"CARROTS,CND,NO SALT,SOL&LIQUIDS","LETTUCE,COS OR ROMAINE,RAW",-1,-2,"SPINACH,FRZ,CHOPD OR LEAF,UNPREP",-5
201,"JUTE,POTHERB,CKD,BLD,DRND,W/SALT","GARLIC,RAW",-2,-4,"COWPEAS (BLACKEYES),IMMAT SEEDS,CKD,BLD,DRND,WO/ SALT",-5
202,"PUMPKIN,FLOWERS,CKD,BLD,DRND,W/SALT","CABBAGE,RED,CKD,BLD,DRND,W/SALT",2,0,"YAM,CKD,BLD,DRND,OR BKD,W/SALT",-1
203,"SUCCOTASH,(CORN&LIMAS),CKD,BLD,DRND,W/SALT","PIMENTO,CANNED",0,-1,"BRUSSELS SPROUTS,FRZ,CKD,BLD,DRND,WO/SALT",-6
204,"TOMATO JUC,CND,WO/ SALT ADDED","WINGED BEAN LEAVES,RAW",0,-3,"LAMBSQUARTERS,RAW",-6
205,"WAXGOURD,(CHINESE PRESERVING MELON),CKD,BLD,DRND,W/SALT","NEW ZEALAND SPINACH,RAW",2,0,"BRUSSELS SPROUTS,FRZ,CKD,BLD,DRND,WO/SALT",-6
206,"YARDLONG BEAN,CKD,BLD,DRND,W/SALT","PEAS,GRN,CND,DRND SOL,RINSED IN TAP H2O",1,0,"MUSHROOMS,WHITE,MICROWAVED",-4
207,"CORN,SWT,WHITE,FRZ,KRNLS CUT OFF COB,BLD,DRND,WO/SALT","VEGETABLES,MXD,FRZ,UNPREP",-3,-6,"COWPEAS (BLACKEYES),IMMAT SEEDS,FRZ,CKD,BLD,DRND,W/ SALT",-7
208,"PEPPERS,SWT,RED,FREEZE-DRIED","POTATOES,MSHD,DEHYD,PREP FRM FLKS WO/ MILK,WHL MILK&MARG ADD",4,2,"MUSHROOMS,WHITE,CKD,BLD,DRND,WO/ SALT",-3
209,"PICKLES,CUCUMBER,SWT (INCLUDES BREAD & BUTTER PICKLES)","MUSHROOMS,OYSTER,RAW",9,-4,"POTATOES,MSHD,DEHYD,GRANULES WO/MILK,DRY FORM",-6
210,"PEPPERS,HOT CHILE,SUN-DRIED","BUTTERBUR,CANNED",4,0,"GOURD,WHITE-FLOWERED (CALABASH),CKD,BLD,DRND,WO/SALT",-1
211,"CABBAGE,NAPA,COOKED","COLLARDS,RAW",0,-5,"SPINACH,FRZ,CHOPD OR LEAF,UNPREP",-5
212,"GRAPE LEAVES,CND","WINGED BEAN,IMMAT SEEDS,CKD,BLD,DRND,W/SALT",3,-1,"BEANS,PINTO,IMMAT SEEDS,FRZ,CKD,BLD,DRND,WO/SALT",-8
213,"PICKLES,CHOWCHOW,W/CAULIFLOWER ONION MUSTARD,SWT","PURSLANE,CKD,BLD,DRND,W/SALT",10,3,"SQUASH,WNTR,ALL VAR,CKD,BKD,W/SALT",0
214,"PUMPKIN&SQUASH SD KRNLS,DRIED","SISYMBRIUM SP. SEEDS,WHL,DRIED",4,-1,"PUMPKIN&SQUASH SEEDS,WHL,RSTD,WO/SALT",-2
215,"PUMPKIN&SQUASH SD KRNLS,RSTD,WO/SALT","PISTACHIO NUTS,DRY RSTD,WO/SALT",5,3,"SUNFLOWER SD KRNLS,DRY RSTD,WO/SALT",2
216,"SAFFLOWER SD KRNLS,DRIED","SISYMBRIUM SP. SEEDS,WHL,DRIED",4,-1,"PUMPKIN&SQUASH SEEDS,WHL,RSTD,WO/SALT",-2
217,"BRAZILNUTS,DRIED,UNBLANCHED","NUTS,CASHEW NUTS,RAW",8,6,"ALMONDS,DRY RSTD,WO/SALT",2
218,"CASHEW NUTS,OIL RSTD,WO/SALT","MIXED NUTS,OIL RSTD,W/PNUTS,WO/SALT",8,5,"PUMPKIN&SQUASH SEEDS,WHL,RSTD,WO/SALT",-2
219,"NUTS,CASHEW NUTS,RAW","SUNFLOWER SD KRNLS,DRY RSTD,WO/SALT",6,2,"ALMONDS,DRY RSTD,WO/SALT",2
220,"MIXED NUTS,OIL RSTD,W/PNUTS,WO/SALT","PECANS,DRY RSTD,WO/SALT",5,4,"PUMPKIN&SQUASH SEEDS,WHL,RSTD,WO/SALT",-2
221,"PECANS,OIL RSTD,WO/SALT","PECANS,DRY RSTD,WO/SALT",5,4,"PUMPKIN&SQUASH SEEDS,WHL,RSTD,WO/SALT",-2
222,"PISTACHIO NUTS,DRY RSTD,WO/SALT","ALMONDS,DRY RSTD,WO/SALT",3,2,"SUNFLOWER SD KRNLS,DRY RSTD,WO/SALT",2
223,"WALNUTS,ENGLISH","PISTACHIO NUTS,DRY RSTD,WO/SALT",4,3,"SUNFLOWER SD KRNLS,DRY RSTD,WO/SALT",2
224,"SESAME SD KRNLS,DRIED (DECORT)","SAFFLOWER SD KRNLS,DRIED",6,4,"PUMPKIN&SQUASH SEEDS,WHL,RSTD,WO/SALT",-2
225,"BEEF,RTL CUTS,FAT,RAW","BEEF,RIB,LRG END (RIBS 6-9),LN&FAT,1/8""FAT,ALL GRDS,CKD,RSTD",13,9,"BEEF,SHLDR TOP BLADE STEAK,BNLESS,LN & FAT,0"" FAT,SEL,RAW",-2
226,"BEEF,VAR MEATS&BY-PRODUCTS,THYMUS,RAW","BEEF,LOIN,TENDERLOIN STK,BNLESS,L,0"" F,ALL GRDS,CKD,GRILLED",5,0,"BEEF,CHUCK FOR STEW,LN & FAT,CHOIC,CKD,BRSD",-1
227,"BEEF,VAR MEATS&BY-PRODUCTS,THYMUS,CKD,BRSD","BEEF,RIB,BACK RIBS,BONE-IN,LN,0"" FAT,ALL GRDS,CKD,BRSD",7,6,"BEEF,SHRT LOIN,T-BONE STEAK,BONE-IN,LN,1/8"" FAT,ALL GRDS,RAW",-2
228,"BEEF,VAR MEATS&BY-PRODUCTS,TONGUE,RAW","BEEF,ASTRLN,WAGYU,LN,TNDRLN STK/RST,BNLS,LN,MRB SCR 4/5,RAW",3,2,"BEEF,CHK EYE RST,BNL,AMERICA'S BF RST,LN,0"" FAT,ALL GRD, CKD",0
229,"BEEF,BRISKET,FLAT HALF,LN,0"" FAT,CHOIC,CKD,BRSD","BEEF,CHUCK,CLOD RST,LN,0"" FAT,SEL,CKD,RSTD",0,-1,"BEEF,VAR MEATS&BY-PRODUCTS,KIDNEYS,RAW",-2
230,"BEEF,CURED,BRKFST STRIPS,RAW OR UNHTD","BEEF,BRISKET,FLAT HALF,LN,1/8"" FAT,ALL GRDS,CKD,BRSD",20,-1,"BEEF,VAR MEATS&BY-PRODUCTS,LIVER,RAW",-3
231,"BEEF,CURED,BRKFST STRIPS,CKD","BEEF,FLANK,STEAK,LN,0"" FAT,ALL GRDS,CKD,BRLD",20,0,"BEEF,LOIN,TOP SIRLOIN PETITE RST,BNLS,LN,0"" FAT,SEL,CKD,RSTD",-2
232,"BEEF,CHUCK,UNDER BLADE CNTR STEAK,BNLESS,DENVER CUT,LN,0"" FA","BEEF,CHUCK,ARM POT RST,LN,0""FAT,SEL,CKD,BRSD",2,-1,"BEEF,LOIN,TOP SIRLOIN CAP STEAK,BNLESS,LN,1/8"" FAT,CHOIC,RAW",-2
233,"BEEF,COMP OF RTL CUTS,LN&FAT,0""FAT,CHOIC,CKD","BEEF,SHRT LOIN,T-BONE STEAK,LN&FAT,1/8""FAT,SEL,RAW",5,3,"BEEF,SHRT LN,T-BONE STK,BN-IN,LN,1/8"" FAT,CHOIC,CKD,GRILLD",1
234,"BEEF,COMP OF RTL CUTS,LN&FAT,0""FAT,SEL,CKD","BEEF,RND,TIP RND,RST,LN & FAT,1/8"" FAT,CHOIC,CKD,RSTD",4,1,"BEEF,SHLDR POT RST OR STEAK,BNLESS,LN,0"" FAT,SEL,RAW",-3
235,"BEEF,BRISKET,FLAT HALF,LN&FAT,0""FAT,ALL GRDS,CKD,BRSD","BEEF,RND,EYE OF RND STEAK,BNLESS,LN,0"" FAT,CHOIC,CKD,GRILLED",0,-3,"BEEF,CHUCK,CLOD RST,LN,1/4"" FAT,ALL GRDS,RAW",-3
236,"BEEF,BRISKET,POINT HALF,LN,0""FAT,ALL GRDS,CKD,BRSD","BEEF,NZ,IMP,RIBS PREP,CKD,FAST RSTD",3,0,"BEEF,LOIN,TENDERLOIN STEAK,BNLESS,LN,0"" FAT,SEL,RAW",-3
237,"BEEF,RIB,LRG END (RIBS 6-9),LN&FAT,0""FAT,SEL,CKD,RSTD","BEEF,RIB EYE STEAK/RST,BONE-IN,LIP-ON,LN,1/8"" FAT,CHOIC,RAW",9,0,"BEEF,RIB,SML END (RIBS 10-12),LN,0""FAT,ALL GRDS,CKD,BRLD",-1
238,"BEEF,RND,BTTM RND,RST,LN & FAT,0"" FAT,CHOIC,CKD,RSTD","BEEF,RND,TOP RND STEAK,BNLESS,LN,0"" FAT,CHOIC,CKD,GRILLED",0,-2,"BEEF,LOIN,TOP SRLN PETIT RST/FILT,BNLS,LN,0"" FAT,AL GRDS,RAW",-3
239,"BEEF,LOIN,TOPLOINSTK,BNLS,LIP OFF,LN FT,0"" FT,CHC,CKD,GRLD","BEEF,CHUCK,TOP BLADE,LN & FAT,0"" FAT,ALL GRDS,CKD,BRLD",2,0,"BEEF,TOP LOIN PETITE ROAST/FILET,BNLESS,LN,1/8"" FAT,SEL,RAW",-3
240,"BEEF,LOIN,PRTRHS STK,LN & FAT,0"" FAT,USDA CHOIC,CKD,BRLD","BEEF,NZ,IMP,BRISKET NAVAL END,LN,RAW",5,1,"BF,RND,KNUCKLE,TIP SIDE,STEAK,LN & FAT,0"" FAT,SE,CKD,GRILLED",-3
241,"BEEF,SHRT LOIN,PRTRHS STK,LN & FAT,0"" FAT,USDA SEL,CKD,BRLD","BEEF,CHUCK,CLOD STEAK,LN ONLY,TO 1/4"" FAT,ALL GRDS,CKD,BRSD",5,-1,"BEEF,RND,TIP RND,RST,LN,0"" FAT,SEL,RAW",-3
242,"BEEF,LOIN,T-BONE STEAK,LN & FAT,0"" FAT,USDA CHOIC,CKD,BRLD","BEEF,TENDERLOIN,STEAK,LN,1/8"" FAT,ALL GRDS,RAW",4,-2,"BEEF,SHLDR TOP BLADE STEAK,BNLESS,LN & FAT,0"" FAT,SEL,RAW",-2
243,"BEEF,GROUND,70% LN MEAT / 30% FAT,PATTY,CKD,BRLD","BEEF,NZ,IMP,BRISKET NAVAL END,LN,RAW",5,1,"BF,RND,KNUCKLE,TIP SIDE,STEAK,LN & FAT,0"" FAT,SE,CKD,GRILLED",-3
244,"BEEF,GROUND,70% LN MEAT / 30% FAT,RAW","BEEF,CHUCK,UNDER BLADE STEAK,BNLESS,LN & FAT,0"" FAT,ALL GRDS",9,5,"BEEF,VAR MEATS&BY-PRODUCTS,HEART,CKD,SIMMRD",-2
245,"BEEF,SHLDR TOP BLADE STEAK,BNLESS,LN,0"" FAT,CHOIC,CKD,GRILLE","BEEF,CHUCK EYE RST,BNLESS,AMERICA'S BF RST,LN,0"" FAT,SEL,CKD",0,-1,"BEEF,CHCK,UND BL POT RST OR STEAK,BNLESS,LN,0"" FAT,CHOIC,RAW",-2
246,"BEEF,COMP OF RTL CUTS,LN&FAT,1/8""FAT,SEL,CKD","BEEF,CHK EYE RST,BNLESS,AMERICA'S BF RST,LN,0"" FAT,CHOIC,CKD",5,0,"BEEF,RND,TOP RND RST,BNLESS,LN,0"" FAT,CHOIC,RAW",-3
247,"BEEF,CHUCK,ARM POT RST,LN&FAT,1/8""FAT,CHOIC,CKD,BRSD","BEEF,RND,TOP RND,STEAK,LN & FAT,1/8"" FAT,CHOIC,CKD,BRLD",5,0,"BEEF,RND,EYE OF RND RST,BNLESS,LN & FAT,0"" FAT,SEL,RAW",-3
248,"BEEF,CHUCK,ARM POT RST,LN&FAT,1/8""FAT,SEL,CKD,BRSD","BEEF,NZ,IMP,TENDERLOIN,LN,RAW",5,-2,"BEEF,BRISKET,FLAT HALF,LN,1/8"" FAT,SEL,RAW",-3
249,"BEEF,CHUCK,BLADE RST,LN&FAT,1/8""FAT,CHOIC,RAW","BEEF,CHUCK,ARM POT RST,LN&FAT,1/8""FAT,SEL,RAW",6,4,"BEEF,CHUCK,CLOD RST,LN & FAT,0"" FAT,CHOIC,CKD,RSTD",1
250,"BEEF,CHUCK,BLADE RST,LN&FAT,1/8""FAT,SEL,CKD,BRSD","BEEF,SHLDR POT RST,BNLESS,LN,0"" FAT,CHOIC,CKD,BRSD",6,-1,"BEEF,RND,TOP RND RST,BNLESS,LN,0"" FAT,ALL GRDS,RAW",-3
251,"BEEF,RIB,WHL (RIBS 6-12),LN&FAT,1/8""FAT,ALL GRDS,RAW","BEEF,FLANK,STEAK,LN,0"" FAT,CHOIC,CKD,BRLD",8,0,"BEEF,SHRT LOIN,T-BONE STEAK,BONE-IN,LN,1/8"" FAT,SEL,RAW",-2
252,"BEEF,RIB,WHL (RIBS 6-12),LN&FAT,1/8""FAT,ALL GRDS,CKD,BRLD","BEEF,CHUCK EYE RST,BNLESS,A BF RST,LN & FAT,0"",ALL G,RAW",9,1,"BEEF,FLANK,STEAK,LN & FAT,0"" FAT,SEL,RAW",-2
253,"BEEF,RIB,WHL (RIBS 6-12),LN&FAT,1/8""FAT,CHOIC,CKD,RSTD","BEEF,RIB,LRG END (RIBS 6-9),LN&FAT,1/8""FAT,SEL,RAW",9,8,"BEEF,GROUND,PATTIES,FRZ,CKD,BRLD",6
254,"BEEF,RIB,WHL (RIBS 6-12),LN&FAT,1/8""FAT,SEL,CKD,RSTD","BEEF,SHRT LOIN,TOP LOIN,STEAK,LN,1/8"" FAT,CHOIC,CKD,BRLD",9,0,"BEEF,NZ,IMP,KIDNEY,CKD,BLD",-2
255,"BEEF,RIB,WHL (RIBS 6-12),LN&FAT,1/8""FAT,PRIME,CKD,RSTD","BEEF,RND,BTTM RND,STEAK,LN,1/8"" FAT,SEL,CKD,BRSD",9,-1,"BEEF,LN,TOP LN STK,BNLESS,LIP-ON,LN,1/8"" FAT,SEL,CKD,GRILLD",-1
256,"BEEF,RIB,LRG END (RIBS 6-9),LN&FAT,1/8""FAT,ALL GRDS,RAW","BEEF,RIB,SHORTRIBS,LN,CHOIC,CKD,BRSD",8,5,"BEEF,RND,BTTM RND RST,LN,0"" FAT,SEL,CKD,RSTD",-2
257,"BEEF,RIB,LRG END (RIBS 6-9),LN&FAT,1/8""FAT,PRIME,CKD,RSTD","BEEF,RND,EYE OF RND RST,BNLESS,LN & FT,0"" FAT,CHOIC,CKD,RSTD",9,-2,"BEEF,RIB EYE,SML END (RIBS 10-12),LN,0"" FAT,SEL,RAW",-2
258,"BEEF,RIB,SML END (RIBS 10-12),LN&FAT,1/8""FAT,SEL,CKD,RSTD","BEEF,NZ,IMP,STRIPLOIN,LN,CKD,FAST FRIED",9,0,"BEEF,RND,EYE OF RND,RST,LN,1/8"" FAT,CHOIC,CKD,RSTD",-2
259,"BEEF,RIB,SML END (RIBS 10-12),LN&FAT,1/8""FAT,PRIME,CKD,BRLD","BEEF,SHRT LOIN,PRTRHS STEAK,LN,0"" FAT,ALL GRDS,CKD,BRLD",9,0,"BEEF,GROUND,97% LN MEAT / 3% FAT,LOAF,CKD,BKD",-2
260,"BEEF,RND,FULL CUT,LN&FAT,1/8""FAT,SEL,RAW","BEEF,RND,TOP RND,STEAK,LN & FAT,1/8"" FAT,SEL,RAW",1,0,"BEEF,LOIN,TOP SIRLN CAP STK,BNLS,LN,1/8"" FAT,AL GRDS,CKD,GLD",-1
261,"BEEF,RND,BTTM RND,STEAK,LN & FAT,1/8"" FAT,ALL GRDS,CKD,BRSD","BEEF,NZ,IMP,RUMP CENTRE,LN,RAW",2,-3,"BEEF,BTTM SIRLOIN,TRI-TIP RST,LN,0"" FAT,SEL,RAW",-3
262,"BEEF,RND,BTTM RND,RST,LN & FAT,1/8"" FAT,SEL,CKD,RSTD","BEEF,RIB EYE STEAK,BNLESS,LIP OFF,LN,0"" FAT,SEL,CKD,GRILLED",1,0,"BEEF,RND,TOP RND RST,BNLESS,LN & FAT,0"" FAT,CHOIC,RAW",-3
263,"BEEF,RND,EYE OF RND,RST,LN & FAT,1/8"" FAT,ALL GRDS,RAW","BEEF,RIB EYE STEAK/ROAST,BONE-IN,LIP-ON,LN,1/8"" FAT,SEL,RAW",0,-1,"BEEF,CHK,MOCK TENDER STK,BNLS,LN,0"" FAT,ALL GRDS,CKD,BRSD",-1
264,"BEEF,RND,TIP RND,RST,LN & FAT,1/8"" FAT,CHOIC,CKD,RSTD","BEEF,NZ,IMP,STRIPLOIN,LN,RAW",1,-2,"BEEF,SHLDR POT RST OR STEAK,BNLESS,LN,0"" FAT,SEL,RAW",-3
265,"BEEF,RND,TOP RND,LN&FAT,1/8""FAT,CHOIC,CKD,BRSD","BEEF,TOP LOIN FILET,BNLESS,LN & FAT,1/8"" FAT,SEL,CKD,GRILLED",2,0,"BEEF,RND,TOP RND STEAK,BNLESS,LN,0"" FAT,SEL,CKD,GRILLED",-3
266,"BEEF,RND,TOP RND,LN&FAT,1/8""FAT,CHOIC,CKD,PAN-FRIED","BEEF,FLANK,STEAK,LN & FAT,0"" FAT,CHOIC,CKD,BRLD",2,0,"BEEF,RND,EYE OF RND,RST,LN,1/8"" FAT,SEL,RAW",-4
267,"BEEF,RND,TOP RND,STEAK,LN & FAT,1/8"" FAT,SEL,RAW","BEEF,LOIN,TOP SIRLN CAP STK,BNLS,LN,1/8"" FAT,AL GRDS,CKD,GLD",0,-1,"BEEF,RND,EYE OF RND,RST,LN & FAT,1/8"" FAT,SEL,RAW",-2
268,"BEEF,LOIN,TOP LOIN,LN & FAT,1/8"" FAT,ALL GRDS,CKD,GRILLED","BEEF,GROUND,85% LN MEAT / 15% FAT,LOAF,CKD,BKD",4,2,"BEEF,PLATE STEAK,BNLESS,INSIDE SKIRT,LN,0"" FAT,SEL,RAW",-2
269,"BEEF,SHRT LOIN,TOP LOIN,STEAK,LN & FAT,1/8"" FAT,PRIME,RAW","BEEF,CHUCK EYE RST,BNLESS,A BF RST,LN & FAT,0"",ALL G,RAW",7,1,"BEEF,NZ,IMP,TENDERLOIN,LN & FAT,RAW",-2
270,"BEEF,TENDERLOIN,RST,LN & FAT,1/8"" FAT,SEL,CKD,RSTD","BF,RND,KNUCKLE,TIP SIDE,STEAK,LN & FAT,0"" FAT,CH,CKD,GRILLED",7,-1,"BEEF,PLATE STEAK,BNLESS,INSIDE SKIRT,LN,0"" FAT,SEL,RAW",-2
271,"BEVERAGES,ABBOTT,EAS WHEY PROT PDR","BEVERAGE,HORCHATA,AS SERVED IN RESTAURANT",6,2,"CAROB-FLAVOR BEV MIX,PDR",-1
272,"BEVERAGES,ABBOTT,EAS SOY PROT PDR","V8 SPLASH JUC DRINKS,ORCHARD BLEND",14,1,"WATER,TAP,MUNICIPAL",0
273,"BEVERAGES,NUTRITIONAL SHAKE MIX,HI PROT,PDR","COFFEE,INST,REG,PDR",9,-1,"TEA,INST,UNSWTND,LEMON-FLAVORED,PDR",-4
274,"ANCHOVY,EUROPEAN,RAW","SPOT,RAW",-2,-3,"CUSK,RAW",-4
275,"BURBOT,RAW","PIKE,NORTHERN,RAW",-3,-4,"TILEFISH,RAW",-4
276,"BUTTERFISH,RAW","SPOT,RAW",-1,-3,"BLUEFISH,RAW",-4
277,"CARP,RAW","PIKE,NORTHERN,RAW",-3,-4,"PERCH,MIXED SPECIES,RAW",-4
278,"COD,PACIFIC,RAW","SALMON,CHUM,RAW",-2,-4,"PIKE,NORTHERN,RAW",-4
279,"CROAKER,ATLANTIC,RAW","SUCKER,WHITE,RAW",-3,-4,"SNAPPER,MIXED SPECIES,RAW",-4
280,"DRUM,FRESHWATER,RAW","BASS,FRSH H2O,MXD SP,RAW",-3,-4,"CUSK,RAW",-4
281,"EEL,MIXED SPECIES,RAW","DRUM,FRESHWATER,RAW",-1,-3,"CUSK,RAW",-4
282,"FLATFISH (FLOUNDER&SOLE SP),RAW","SPOT,RAW",-2,-3,"PIKE,NORTHERN,RAW",-4
283,"FLATFISH (FLOUNDER&SOLE SP),CKD,DRY HEAT","DOLPHINFISH,RAW",0,-4,"CISCO,RAW",-4
284,"HADDOCK,RAW","GROUPER,MIXED SPECIES,RAW",-3,-4,"LINGCOD,RAW",-4
285,"HALIBUT,GREENLAND,RAW","DRUM,FRESHWATER,RAW",-1,-3,"CUSK,RAW",-4
286,"HERRING,PACIFIC,RAW","LING,RAW",0,-3,"MONKFISH,RAW",-5
287,"LING,RAW","SHARK,MIXED SPECIES,RAW",-3,-4,"MONKFISH,RAW",-5
288,"MACKEREL,ATLANTIC,RAW","CARP,RAW",0,-3,"CISCO,RAW",-4
289,"MACKEREL,PACIFIC&JACK,MXD SP,RAW","CARP,RAW",-2,-3,"BASS,FRSH H2O,MXD SP,RAW",-4
290,"MACKEREL,SPANISH,RAW","SNAPPER,MIXED SPECIES,RAW",-3,-4,"STURGEON,MXD SP,RAW",-4
291,"MILKFISH,RAW","SALMON,ATLANTIC,WILD,RAW",-3,-4,"POUT,OCEAN,RAW",-5
292,"MULLET,STRIPED,RAW","STURGEON,MXD SP,RAW",-3,-4,"SUNFISH,PUMPKIN SEED,RAW",-4
293,"OCEAN PERCH,ATLANTIC,RAW","TILEFISH,RAW",-2,-4,"WHITEFISH,MXD SP,RAW",-4
294,"POMPANO,FLORIDA,RAW","DRUM,FRESHWATER,RAW",0,-3,"CUSK,RAW",-4
295,"SALMON,COHO,WILD,RAW","CUSK,RAW",-3,-4,"PERCH,MIXED SPECIES,RAW",-4
296,"SALMON,SOCKEYE,RAW","SHEEPSHEAD,RAW",-2,-4,"SUNFISH,PUMPKIN SEED,RAW",-4
297,"SEATROUT,MXD SP,RAW","SHARK,MIXED SPECIES,RAW",-3,-4,"TILEFISH,RAW",-4
298,"SPOT,RAW","SEA BASS,MXD SP,RAW",-3,-4,"SNAPPER,MIXED SPECIES,RAW",-4
299,"SWORDFISH,RAW","TROUT,RAINBOW,WILD,RAW",-3,-4,"LINGCOD,RAW",-4
300,"SWORDFISH,COOKED,DRY HEAT","SEATROUT,MXD SP,RAW",-1,-3,"SNAPPER,MIXED SPECIES,RAW",-4
301,"TROUT,MIXED SPECIES,RAW","WHITEFISH,MXD SP,RAW",-3,-4,"ROUGHY,ORANGE,RAW",-5
302,"TURBOT,EUROPEAN,RAW","LINGCOD,RAW",-3,-4,"GROUPER,MIXED SPECIES,RAW",-4
303,"YELLOWTAIL,MXD SP,RAW","WHITING,MIXED SPECIES,RAW",-3,-4,"SNAPPER,MIXED SPECIES,RAW",-4
304,"CRAB,ALASKA KING,RAW","SALMON,CHUM,RAW",5,-4,"CUSK,RAW",-4
305,"CRAB,BLUE,RAW","GROUPER,MIXED SPECIES,RAW",-1,-4,"LINGCOD,RAW",-4
306,"CRAB,DUNGENESS,RAW","SALMON,COHO,WILD,RAW",-1,-3,"CUSK,RAW",-4
307,"CRAB,QUEEN,RAW","LOBSTER,NORTHERN,RAW",1,-1,"SPINY LOBSTER,MXD SP,RAW",-3
308,"SHRIMP,MIXED SPECIES,RAW","WHELK,UNSPECIFIED,RAW",1,-2,"OYSTER,PACIFIC,RAW",-3
309,"ABALONE,MXD SP,CKD,FRIED","MACKEREL,PACIFIC&JACK,MXD SP,CKD,DRY HEAT",4,0,"CRAYFISH,MXD SP,FARMED,CKD,MOIST HEAT",-3
310,"CLAM,MIXED SPECIES,RAW","SCALLOP,MIXED SPECIES,RAW",2,-1,"OYSTER,EASTERN,WILD,RAW",-3
311,"CUTTLEFISH,MXD SP,RAW","TURBOT,EUROPEAN,RAW",-1,-3,"BASS,STRIPED,RAW",-4
312,"SCALLOP,MIXED SPECIES,RAW","OCTOPUS,COMMON,RAW",-1,-2,"OYSTER,EASTERN,WILD,RAW",-3
313,"BROADBEANS (FAVA BEANS),MATURE SEEDS,RAW","BEANS,KIDNEY,CALIFORNIA RED,MATURE SEEDS,RAW",-5,-6,"BEANS,GREAT NORTHERN,MATURE SEEDS,RAW",-6
314,"LIMA BNS,LRG,MATURE SEEDS,RAW","PIGEON PEAS (RED GM),MATURE SEEDS,RAW",-5,-6,"BEANS,FRENCH,MATURE SEEDS,RAW",-6
315,"LIMA BNS,THIN SEEDED (BABY),MATURE SEEDS,RAW","BEANS,FRENCH,MATURE SEEDS,RAW",-5,-6,"MUNGO BNS,MATURE SEEDS,RAW",-6
316,"LUPINS,MATURE SEEDS,RAW","BEANS,FRENCH,MATURE SEEDS,RAW",-5,-6,"BEANS,GREAT NORTHERN,MATURE SEEDS,RAW",-6
317,"MOTHBEANS,MATURE SEEDS,RAW","CHICKPEAS (GARBANZO BNS,BENGAL GM),MATURE SEEDS,RAW",-1,-4,"BEANS,PINK,MATURE SEEDS,RAW",-6
318,"MUNG BNS,MATURE SEEDS,RAW","BEANS,FRENCH,MATURE SEEDS,RAW",-5,-6,"PIGEON PEAS (RED GM),MATURE SEEDS,RAW",-6
319,"NOODLES,CHINESE,CELLOPHANE OR LONG RICE (MUNG BNS),DEHYD","WORTHINGTON FOODS,MORNINGSTAR FARMS BRKFST PATTIES",4,1,"SOYMILK (ALL FLAVORS),ENHANCED",-1
320,"SOYBEANS,MATURE SEEDS,RAW","TOFU,FRIED",-2,-4,"TOFU,FRIED,PREP W/CA SULFATE",-4
321,SOY SAU MADE FROM SOY (TAMARI),MISO,5,4,"FALAFEL,HOME-PREPARED",4
322,"TOFU,SALTED&FERMENTED (FUYU)","TOFU,FRIED,PREP W/CA SULFATE",7,-4,"TOFU,FRIED",-4
323,"PEANUT BUTTER,SMOOTH,VIT & MINERAL FORT","SOY SAU MADE FROM SOY&WHEAT (SHOYU),LO NA",13,5,"BEANS,FRENCH,MATURE SEEDS,CKD,BLD,W/SALT",-6
324,"HUMMUS,COMMERCIAL","MORNINGSTAR FARMS MEDITERRANEAN CHICKPEA,FRZ,UNPREP",-2,-5,"HYACINTH BNS,MATURE SEEDS,RAW",-6
325,"MORI-NU,TOFU,SILKEN,LITE EX FIRM","BEANS,KIDNEY,RED,MATURE SEEDS,CKD,BLD,W/SALT",-3,-7,"BEANS,PINK,MATURE SEEDS,CKD,BLD,WO/SALT",-9
326,"VITASOY USA,VITASOY ORGANIC CREAMY ORIGINAL SOYMILK","VITASOY USA ORGANIC NASOYA,SOFT TOFU",-1,-4,"BEANS,YEL,MATURE SEEDS,CKD,BLD,W/SALT",-7
327,SILK BANANA-STRAWBERRY SOY YOGURT,"BEANS,FRENCH,MATURE SEEDS,CKD,BLD,WO/SALT",2,-8,"BEANS,KIDNEY,ALL TYPES,MATURE SEEDS,CKD,BLD,WO/SALT",-9
328,HOUSE FOODS PREMIUM SOFT TOFU,"BEANS,YEL,MATURE SEEDS,RAW",-3,-6,"BEANS,FRENCH,MATURE SEEDS,RAW",-6
329,"LIMA BNS,LRG,MATURE SEEDS,CKD,BLD,W/SALT","BEANS,ADZUKI,MATURE SEEDS,CKD,BLD,WO/SALT",-6,-8,"BEANS,KIDNEY,ALL TYPES,MATURE SEEDS,CKD,BLD,WO/SALT",-9
330,"TOFU,DRIED-FROZEN (KOYADOFU),PREP W/CA SULFATE","SOYBEANS,MATURE SEEDS,RAW",3,-2,"TOFU,FRIED,PREP W/CA SULFATE",-4
331,"TOFU,SALTED&FERMENTED (FUYU),PREP W/CA SULFATE","TOFU,FRIED",7,-4,"TOFU,FRIED,PREP W/CA SULFATE",-4
332,"WORTHINGTON LOFAT VEJA-LINKS,CND,UNPREP","VITASOY USA ORGANIC NASOYA,SOFT TOFU",1,-4,"MORI-NU,TOFU,SILKEN,FIRM",-4
333,"WORTHINGTON DINNER RST,FRZ,UNPREP","TOFU,SOFT,PREP W/CA SULFATE&MAGNESIUM CHLORIDE (NIGARI)",3,-4,NATTO,-6
334,"VEAL,SHLDR,WHL (ARM&BLD),LN,CKD,BRSD","LAMB,NZ,IMP,RACK - PARTLY FRENCHED,LN,RAW",-1,-2,"LAMB,NZ,IMP,KIDNEY,RAW",-3
335,"VEAL,BREAST,PLATE HALF,BNLESS,LN&FAT,CKD,BRSD","LAMB,VAR MEATS&BY-PRODUCTS,PANCREAS,RAW",5,0,"GAME MEAT,OPOSSUM,CKD,RSTD",-2
336,"LAMB,AUS,IMP,FRSH,LEG,SIRLOIN HALF,BNLESS,LN&FAT,1/8""FAT,RAW","VEAL,SHLDR,BLADE,LN,CKD,RSTD",7,0,"LAMB,AUS,IMP,FRSH,LEG,WHL (SHK&SIRL),LN,1/8""FAT,RAW",-2
337,"GAME MEAT,DEER,GROUND,CKD,PAN-BROILED","LAMB,VAR MEATS&BY-PRODUCTS,SPLEEN,RAW",0,-3,"LAMB,NZ,IMP,FORE-SHANK,LN,RAW",-3
338,"LAMB,NZ,IMP,SUBCUTANEOUS FAT,RAW","LAMB,DOM,RIB,LN&FAT,1/4""FAT,CHOIC,CKD,RSTD",16,9,"LAMB,AUS,IMP,FRSH,LEG,SIRLOIN HALF,BNLESS,LN,1/8""FAT,RAW",-2
339,"LAMB,NZ,IMP,BREAST,LN,CKD,BRSD","LAMB,DOM,LEG,WHL (SHK&SIRL),LN&FAT,1/8""FAT,CHOIC,RAW",4,3,"LAMB,NZ,IMP,LOIN,BNLESS,LN,CKD,FAST RSTD",-3
340,"BISCUITS,PLN OR BTTRMLK,DRY MIX","GIRL SCOUTS,DO-SI-DOS COOKIES",14,12,"BAGELS,EGG",1
341,"CAKE,CARROT,DRY MIX,PUDDING-TYPE","KASHI,TLC,OATMEAL DK CHOC COOKIES",9,8,"KASHI,H2H WOVEN WHEAT CRACKER,RSTD GARLIC",-2
342,"CAKE,SNACK CAKES,CREME-FILLED,CHOC W/ FRSTNG","MUFFINS,WHEAT BRAN,DRY MIX",14,9,"ROLLS,DINNER,RYE",0
343,"CAKE,YEL,COMMLY PREP,W/VANILLA FRSTNG","KEEBLER,TOWN HOUSE,FLATBREAD CRISPS,SEA SALT & OLIVE OIL CRA",16,11,"SUNSHINE,CHEEZ-IT,SNACK MIX,WHITE CHEDDAR",11
344,CHEESECAKE COMMLY PREP,"KRAFT,STOVE TOP STUFFING MIX CHICKEN FLAVOR",18,9,"PUFF PASTRY,FRZ,RTB,BKD",8
345,"COOKIES,BROWNIES,DRY MIX,REG","PANCAKES,PLN,RED FAT",8,4,"ROLLS,DINNER,EGG",2
346,"COOKIES,CHOC CHIP,COMMLY PREP,REG,HIGHER FAT,ENR","KELLOGG'S,POP-TARTS,FRSTD COOKIES & CREME TOASTER PASTRIES",19,16,"BREAD,PROT (INCL GLUTEN)",-1
347,"COOKIES,SUGAR,REFR DOUGH,BKD","PIE CRUST,DEEP DISH,FRZ,UNBAKED,MADE W/ ENR FLR",17,12,"BREAD,PROT (INCL GLUTEN)",-1
348,"COOKIES,SUGAR WAFERS W/CREME FILLING,REG","CAKE,WHITE,PREP FROM RECIPE W/COCNT FRSTNG",23,17,"BREAD CRUMBS,DRY,GRATED,SEASONED",6
349,"COOKIES,VANILLA WAFERS,LOWER FAT","KEEBLER,TOWN HOUSE,FLIPSIDES,PRETZEL CRACKERS,GARLIC HERB",16,15,"KEEBLER,WHEATABLES,NUT CRISP CRACKERS,TSTD PECAN",10
350,"CRACKERS,CHEESE,REGULAR","KEEBLER,WHEATABLES,NUT CRISP CRACKERS,TSTD PECAN",15,10,"KELLOGG'S,EGGO,NUTRI-GRAIN,WAFFLES,HONEY OAT",4
351,"CRACKERS,RYE,SANDWICH-TYPE W/CHS FILLING","PANCAKES,PLN,DRY MIX,INCOMPLETE (INCL BTTRMLK)",13,4,"WAFFLES,WHL WHEAT,LOWFAT,FRZ,RTH",1
352,"DANISH PASTRY,NUT (INCL ALMOND,RAISIN NUT,CINN NUT)","PIE,VANILLA CRM,PREP FROM RECIPE",12,9,"CRACKERS,MATZO,EGG",-3
353,"PIE,APPL,COMMLY PREP,ENR FLR","CAKE,YEL,PREP FROM RECIPE WO/FRSTNG",8,7,"BREAD,WHITE,COMMLY PREP (INCL SOFT BREAD CRUMBS)",2
354,"PIE,CHERRY,COMMLY PREP","CAKE,FRUITCAKE,COMMLY PREP",9,8,"TORTILLAS,RTB OR -FRY,FLR,WO/ CA",2
355,"PIE,COCNT CREME,COMMLY PREP","NABISCO,NABISCO SNACKWELL'S FAT FREE DEVIL'S FD COOKIE CAKES",13,9,"KELLOGG'S,EGGO,WAFFLES,STRAWBERRY",8
356,"COOKIES,CHOC CHIP,PREP FROM RECIPE,MADE W/BUTTER","BISCUITS,PLN OR BTTRMLK,REFR DOUGH,HIGHER FAT,BKD",16,14,"GEORGE WESTON BAKERIES,THOMAS ENG MUFFINS",1
357,"CAKE,POUND,COMMLY PREP,OTHER THAN ALL BUTTER,UNENR","COOKIES,LADYFINGERS,W/LEMON JUC&RIND",8,7,"KASHI,TLC,ORIGINAL 7-GRAIN CRACKERS",2
358,"TOASTER PASTRIES,KELLOGG,KELLOGG'S POP TARTS,BLUEBERRY","LEAVENING AGENTS,BAKING PDR,DOUBLE-ACTING,STRAIGHT PO4",13,10,"PIE,CHERRY,PREP FROM RECIPE",6
359,"ARCHWAY Home Style Cookies, Coconut Macaroon","KEEBLER,SANDIES,CHOC CHIP & PECAN SHORTBREAD COOKIES",21,19,"COOKIES,BROWNIES,COMMLY PREP,RED FAT",11
360,"ARCHWAY Home Style Cookies, Iced Molasses","ARCHWAY Home Style Cookies, Molasses",20,18,"BREAD,ROLL,MEXICAN,BOLLILO",2
361,"PILLSBURY,TRADITIONAL FUDGE BROWNIE MIX,DRY","KELLOGG'S,POP-TARTS,CHOC CHIP COOKIE DOUGH TOASTER PASTRIES",18,15,"BREAD,POUND CAKE TYPE,PAN DE TORTA SALVADORAN",10
362,"GENERAL MILLS,BETTY CROCKER SUPERMOIST YEL CAKE MIX,DRY","COOKIES,PNUT BUTTER SNDWCH,REG",21,14,"MARTHA WHITE FOODS,MARTHA WHITE'S BTTRMLK BISCUIT MIX,DRY",13
363,"TOSTADA SHELLS,CORN","MUFFINS,BLUEBERRY,TOASTER-TYPE,TSTD",11,7,"KASHI,TLC,TSTD ASIAGO CRACKERS",5
364,"CAKE,POUND,BIMBO BAKERIES USA,PANQUE CASERO,HOME BKD STYLE","MURRAY,SUGAR FREE,SHORTBREAD COOKIES",9,6,"KELLOGG'S,EGGO,NUTRI-GRAIN,WAFFLES,HONEY OAT",4
365,"CRACKERS,CHS,RED FAT","KELLOGG'S,ALL-BRAN,GARLIC & HERB CRACKERS",10,9,"COOKIES,OATMEAL,COMMLY PREP,SOFT-TYPE",6
366,"AUSTIN,CHEDDAR CHS ON CHS CRACKERS,SANDWICH-TYPE","KEEBLER,GINGERBREAD MEN COOKIES,HOLIDAY",18,14,"BREAD,WHITE,COMMLY PREP,TSTD,LO NA NO SALT",2
367,"AUSTIN,PNUT BUTTER ON CHS CRACKERS,SANDWICH-TYPE,RED FAT","STRUDEL,APPLE",9,7,"USDA CMDTY,BAKERY,FLR MIX",7
368,"BARBARA DEE,WNTR MINTS COOKIES","KEEBLER,WAFFLE BOWLS",22,8,"BAGELS,CINNAMON-RAISIN,TSTD",1
369,"FRUIT LEATHER,ROLLS","PUDDINGS,ALL FLAVORS XCPT CHOC,LO CAL,INST,DRY MIX",17,14,"SWEETENERS,TABLETOP,FRUCTOSE,LIQ",13
370,"PORK SKINS,PLAIN","SNACKS,GRANOLA BARS,SOFT,ALMOND,CONFECTIONERS COATING",21,13,"SNACKS,GRANOLA BAR,KASHI TLC BAR,CRUNCHY,MXD FLAVORS",4
371,"SNACKS,M&M MARS,COMBOS SNACKS CHEDDAR CHS PRETZEL","GRANOLA BARS,SOFT,UNCOATED,PNUT BUTTER",21,3,"SNACKS,PRETZELS,HARD,PLN,MADE W/ ENR FLR,UNSALTED",-1
372,"CANDIES,CONFECTIONER'S COATING,YOGURT","CANDIES,YORK PEPPERMINT PATTIE",23,15,"SYRUPS,CORN,HIGH-FRUCTOSE",13
373,"CANDIES,SYMPHONY MILK CHOC BAR","CANDIES,MARS SNACKFOOD US,COCOAVIA CRISPY CHOC BAR",21,13,"FROZ NOVELTIES,ICE TYPE,SUGAR FREE,ORNGE,CHRY,& GRP POPSICLE",0
374,"CANDIES,NESTLE,RAISINETS CHOC COVERED RAISINS","CANDIES,MARS SNACKFOOD US,SNICKERS MUNCH BAR",21,14,"ICE CREAMS,VANILLA",10
375,"CANDIES,MARS SNACKFOOD US,DOVE DK CHOC","ICE CREAMS,CHOC,RICH",18,14,"FROZEN NOVELTIES,FRUIT & JUC BARS",3
376,"MARMALADE,ORANGE","CANDIES,SPL DK CHOC BAR",13,8,"PIE FILLINGS,CND,CHERRY",1
377,"CANDIES,MARS SNACK US,STARBURST FRUIT CHEWS,FRT&CREM","CANDIES,FRUIT SNACKS,W/ HI VIT C",22,14,"DESSERTS,APPL CRISP,PREPARED-FROM-RECIPE",7
378,"CANDIES,MARS SNACKFOOD US,SKITTLES TROPICAL BITE SIZE CAND","ICE CREAMS,BREYERS,ALL NAT LT VANILLA CHOC STRAWBERRY",15,6,"BAKING CHOC,UNSWTND,LIQ",5
379,"AMARANTH GRAIN,UNCKD","WHEAT,HARD RED SPRING",-5,-6,"WHEAT,HARD RED WINTER",-6
380,ARROWROOT FLOUR,"WHEAT FLR,WHITE,ALL-PURPOSE,ENR,BLEACHED",1,-3,"WHEAT,SOFT WHITE",-6
381,"BARLEY,PEARLED,COOKED","CORN FLR,WHOLE-GRAIN,WHITE",-4,-5,BUCKWHEAT,-6
382,"BUCKWHEAT GROATS,RSTD,CKD","BULGUR,COOKED",-3,-4,"BUCKWHEAT GROATS,RSTD,DRY",-6
383,"CORNMEAL,SELF-RISING,BOLTED,PLN,ENR,YEL","SEMOLINA,ENRICHED",4,-5,"CORN FLR,MASA,ENR,YEL",-6
384,CORNSTARCH,"RICE FLOUR,WHITE",4,-1,"RICE FLOUR,BROWN",-4
385,"COUSCOUS,COOKED","SPAGHETTI,DRY,UNENRICHED",-2,-4,"SPAGHETTI,SPINACH,DRY",-6
386,"RICE,BROWN,MEDIUM-GRAIN,RAW","BARLEY,PEARLED,COOKED",-3,-4,"SPELT,UNCKD",-5
387,"RICE,WHITE,LONG-GRAIN,REG,RAW,ENR","RICE,WHITE,SHORT-GRAIN,RAW",-1,-2,"CORN FLR,MASA,ENR,YEL",-6
388,"RICE,WHITE,MEDIUM-GRAIN,RAW,ENR","RICE,WHITE,SHORT-GRAIN,RAW",-1,-2,"CORN FLR,MASA,ENR,YEL",-6
389,"RICE,WHITE,SHORT-GRAIN,RAW","CORNMEAL,DEGERMED,ENR,YEL",-2,-4,"CORN FLR,MASA,ENR,YEL",-6
390,"RICE,WHITE,GLUTINOUS,RAW","NOODLES,EGG,SPINACH,DRY,ENR",-2,-5,"SPAGHETTI,SPINACH,DRY",-6
391,"SEMOLINA,ENRICHED","WHEAT,SOFT RED WINTER",-5,-6,"CORN FLR,MASA,ENR,YEL",-6
392,TRITICALE,"WHEAT FLR,WHITE,ALL-PURPOSE,ENR,BLEACHED",-1,-3,"AMARANTH GRAIN,UNCKD",-5
393,"WHEAT,DURUM",RYE GRAIN,-1,-6,SORGHUM GRAIN,-6
394,"WHEAT FLR,WHITE,ALL-PURPOSE,ENR,BLEACHED","SEMOLINA,ENRICHED",-3,-5,"WHEAT,SOFT WHITE",-6
395,"WHEAT FLR,WHITE,BREAD,ENR",SORGHUM GRAIN,-3,-6,"BARLEY,HULLED",-6
396,"WHEAT FLR,WHITE,TORTILLA MIX,ENR","WHEAT FLR,WHITE,ALL-PURPOSE,ENR,BLEACHED",11,-3,"CORN FLR,MASA,ENR,YEL",-6
397,"WHEAT,SPROUTED","SPELT,UNCKD",-3,-5,"WHEAT,HARD WHITE",-6
398,"PASTA,CORN,DRY","WHEAT,SOFT RED WINTER",-5,-6,BUCKWHEAT,-6
399,"NOODLES,EGG,DRY,ENRICHED","CORN GRAIN,YEL",-3,-6,RYE GRAIN,-6
400,"NOODLES,JAPANESE,SOBA,DRY","PASTA,CORN,DRY",7,-5,BUCKWHEAT,-6
401,"NOODLES,JAPANESE,SOMEN,DRY","NOODLES,EGG,SPINACH,DRY,ENR",5,-5,"SPAGHETTI,SPINACH,DRY",-6
402,"SPAGHETTI,WHOLE-WHEAT,DRY","SPAGHETTI,DRY,UNENRICHED",-1,-4,"SPAGHETTI,SPINACH,DRY",-6
403,"OAT FLR,PART DEBRANNED","CORN FLR,WHOLE-GRAIN,WHITE",-4,-5,BUCKWHEAT,-6
404,"CORN GRAIN,WHITE",BUCKWHEAT,-1,-6,"WHEAT,SOFT RED WINTER",-6
405,"CORN FLR,WHOLE-GRAIN,WHITE","WHEAT,HARD RED SPRING",-5,-6,BUCKWHEAT,-6
406,"CORNMEAL,SELF-RISING,BOLTED,PLN,ENR,WHITE","RYE FLOUR,LIGHT",4,-6,"RYE FLOUR,MEDIUM",-6
407,"SPAGHETTI,DRY,UNENRICHED","NOODLES,EGG,SPINACH,DRY,ENR",-4,-5,"SPAGHETTI,SPINACH,DRY",-6
408,"FAST FOODS,POTATOES,HASH BROWNS,RND PIECES OR PATTY","BURGER KING,WHOPPER,W/ CHS",8,7,"FAST FOODS,ENG MUFFIN,W/EGG,CHS,&CANADIAN BACON",6
409,"FAST FOODS,CHEESEBURGER; SINGLE,REG PATTY,W/ CONDMNT & VEG","FAST FOODS,CHEESEBURGER; DOUBLE,LRG PATTY,W/ CONDMNT & VEG",9,8,"KFC,FRIED CHICK,EX CRISPY,DRUMSTK,MEAT ONLY,SKN & BRDNG RMVD",3
410,"FAST FOODS,ONION RINGS,BREADED&FRIED","FAST FD,PIZZA CHAIN,14"" PIZZA,SAUSAGE TOPPING,REG CRUST",14,8,"FAST FOODS,HOTDOG,W/CORN FLR COATING (CORNDOG)",6
411,"BURGER KING,FRENCH FR","KASHI PIZZA,MARGHERITA",3,2,"MCDONALD'S,FRUIT 'N YOGURT PARFAIT (WITHOUT GRANOLA)",2
412,"BURGER KING,DOUBLE WHOPPER,W/ CHS","LIGHT ICE CRM,SOFT SERVE,BLENDED W/ COOKIE PIECES",7,6,"KFC,FRIED CHICK,EX CRISPY,DRUMSTK,MEAT ONLY,SKN & BRDNG RMVD",3
413,"PIZZA HUT 12"" CHS PIZZA,THIN 'N CRISPY CRUST","KFC,CRISPY CHICK STRIPS",11,9,"FAST FOODS,FRIED CHICK,DRMSTK,MEAT ONLY,SKN & BRDING REMOVED",4
414,"PAPA JOHN'S 14"" CHS PIZZA,ORIGINAL CRUST","MCDONALD'S,HOTCAKES (PLAIN)",7,3,"FST FOODS, POTATO, FRNCH FRIED IN VEG OIL",1
415,"LIGHT ICE CRM,SOFT SERVE,BLENDED W/ COOKIE PIECES","KFC,FRIED CHICK,EX CRISPY,DRUMSTK,MEAT ONLY,SKN & BRDNG RMVD",6,3,"MCDONALD'S,BACON RANCH SALAD WO/ CHICK",-1
416,"BEEF,SHRT LN,T-BNE STEK,LN & FAT,1/8"" FAT,ALL GRDS,CKD,GRLLD","Beef, shoulder steak, boneless, lean only, 0"", choice, grill",6,-1,"BEEF,SHLDR POT RST OR STEAK,BNLESS,LN,0"" FAT,SEL,RAW",-3
417,"BF,RND,KNUCK,TIP SIDE,STK,LN & FAT,0"" FAT,ALL GRDS,CKD,GRLD","BEEF,TOP SIRLOIN,STEAK,LN,1/8"" FAT,SEL,RAW",-2,-3,"BEEF,BRISKET,FLAT HALF,BNLESS LN,0"" FAT,ALL GRDS,RAW",-3
418,"BEEF,CHUCK EYE COUNTRY-STYLE RIBS,BNLESS,LN,0"" FAT,CHOIC,CKD","BEEF,RIBEYE CAP STEAK,BNLESS,LN,0"" FAT,SEL,CKD,GRILLED",2,1,"BEEF,SHLDR TOP BLADE STEAK,BNLESS,LN,0"" FAT,ALL GRDS,RAW",-2
419,"BEEF,CHK,UND BL POT RST/STK,BNL,LN & FT,0"" FT, All GR, raw","BEEF,RND,EYE OF RND,RST,LN & FAT,1/8"" FAT,ALL GRDS,RAW",2,0,"BEEF,CHK,MOCK TENDER STK,BNLS,LN,0"" FAT,ALL GRDS,CKD,BRSD",-1
420,"BEEF,CHK,UND BLE CNTR STK,BNL,DEN CUT,LN & FT,0""FT, SEL,RW","BEEF,GROUND,93% LN MEAT / 7% FAT,PATTY,CKD,BRLD",1,0,"BEEF,GROUND,97% LN MEAT / 3% FAT,CRUMBLES,CKD,PAN-BROWNED",-1
421,"BEEF,CHK EYE RST,BNLS,A BF RST,LN & FAT,0"",ALL GRD,CKD,RSTD","BEEF,LOIN,TOP LOIN STEAK,BNLESS,LIP OFF,LN,0"" FAT,CHOIC,RAW",3,-2,"BEEF,RND,BTTM RND,RST,LN,1/8"" FAT,CHOIC,RAW",-3
422,"BEEF,CHCK EYE RST,BNLS,A BF RST,LN & FAT,0"",SEL,C,RSTD","BEEF,RIB EYE,SML END (RIBS 10-12),LN,0"" FAT,SEL,RAW",3,-2,"BEEF,CHUCK,MOCK TENDER STK,LN & FAT,0"" FAT,USDA SEL,CKD,BRLD",-2
423,"BEEF,CHUCK,UNDER BLADE STEAK,BNLESS,LN & FAT,0"" FAT,ALL GRDS","BEEF,TOP LOIN FILET,BNLESS,LN,1/8"" FAT,ALL GRDS,CKD,GRILLED",5,-1,"BEEF,GROUND,95% LN MEAT / 5% FAT,PATTY,CKD,BRLD",-1
424,"BEEF,CHK EYE CNTRY-STYLE RIBS,BNL,LN & FAT,0"" FAT,SEL, CKD","BEEF,BTTM SIRLOIN,TRI-TIP RST,LN & FAT,0"" FAT,ALL GRDS,RAW",6,0,"BEEF,LOIN,TENDERLOIN STK,BNLESS,L & F,0"" FAT,SEL,CKD,GRILLED",0
425,"BEEF,CHK EYE CNTRY-STYLE RIBS,BNL,LN & FAT,0"" FAT,ALL GR,RAW","BEEF,RIBEYE CAP STEAK,BNLESS,LN,0"" FAT,SEL,CKD,GRILLED",3,1,"BEEF,LOIN,TENDERLOIN RST,BNLESS,LN & FAT,0"" FAT,SEL,CKD,RSTD",-1
426,"BEEF,CHK EYE CNTRY-STYLE RIBS,BNL,LN & FAT,0"" FAT,CHOICE,RAW","BEEF,RIB EYE STK,BNLES,LIP-ON,LN,1/8"" FAT,ALL GRDS,CKD,GRLD",3,1,"BEEF,BRISKET,FLAT HALF,LN & FAT,0"" FAT,SEL,CKD,BRSD",-1
427,"BEEF,CHK EYE CNTRY-STYLE RIBS,BNL,LN & FAT,0"" FAT,SEL,RAW","BEEF,TOP SIRLOIN,STEAK,LN & FAT,0"" FAT,CHOIC,CKD,BRLD",2,1,"BEEF,RND,TOP RND,LN,1/8"" FAT,CHOIC,CKD,PAN-FRIED",-1
428,"BEEF,CHK EYE STEAK,BNLESS,LN & FAT,0"" FAT,CHOIC,CKD,GRILLED","BEEF,RND,TOP RND,STEAK,LN & FAT,1/8"" FAT,CHOIC,CKD,BRLD",6,0,"BEEF,RND,EYE OF RND RST,BNLESS,LN,0"" FAT,CHOIC,CKD,RSTD",-2
429,"BEEF,CHUCK EYE STEAK,BNLESS,LN & FAT,0"" FAT,ALL GRDS,RAW","BEEF,RND,BTTM RND,RST,LN & FAT,1/8"" FAT,CHOIC,CKD,RSTD",3,1,"BEEF,NZ,IMP,OYSTER BLADE,LN & FAT,RAW",0
430,"BEEF,RIB EYE RST,BNLESS,LIP-ON,LN,1/8"" FAT,ALL GRDS,CKD,RSTD","BEEF,BTTM SIRLOIN,TRI-TIP RST,LN,0"" FAT,CHOIC,CKD,RSTD",1,0,"BEEF,SHRT LOIN,T-BONE STEAK,BONE-IN,LN,1/8"" FAT,CHOIC,RAW",-2
431,"BEEF,RIB EYE RST,BNLESS,LIP-ON,LN,1/8"" FAT,CHOIC,CKD,RSTD","BEEF,CHUCK,MOCK TENDER STEAK,BNLESS,LN,0"" FAT,SEL,CKD,BRSD",2,-1,"BEEF,NZ,IMP,HEART,RAW",-4
432,"BEEF,PLATE STEAK,BNLESS,INSIDE SKIRT,LN,0"" FAT,ALL GRDS,RAW","BEEF,LOIN,TOP SIRLIN PETITE RST,BNLS,LN,0"" FAT,CHOC,CKD,RSTD",0,-2,"BEEF,BRISKET,FLAT HALF,LN,1/8"" FAT,CHOIC,RAW",-3
433,"BEEF,PLATE STK,BNLES,INSIDE SKIRT,LN,0"" FAT,CHOIC,CKD,GRLD","BEEF,CHK,UNDBL CNTR STK,BNLESS,DENCUT,LN,0"" FA, ALL GRD, RAW",2,1,"BEEF,SHRT LOIN,PRTRHS STEAK,LN,1/8"" FAT,SEL,RAW",-2
434,"BEEF,PLATE STEAK,BNLESS,INSIDE SKIRT,LN,0"" FAT,SEL,CKD,GRILD","BEEF,TOP LOIN FILET,BNLESS,LN,1/8"" FAT,ALL GRDS,CKD,GRILLED",0,-1,"BEEF,NZ,IMP,TRIPE UNCKD,RAW",-4
435,"BEEF,RIB EYE STK,BN-IN,LIP-ON,LN & FT,1/8"" FT,AL GDS,CKD,GRL","BEEF,RIB,WHL (RIBS 6-12),LN&FAT,1/8""FAT,SEL,CKD,BRLD",8,7,"BEEF,RND,BTTM RND,RST,LN & FAT,0"" FAT,CHOIC,CKD,RSTD",0
436,"BEEF,RIB EYE STK/RST,BNE-IN,IP-ON,LN & FT,1/8"" FT,AL GRDS,RW","BEEF,FLANK,STEAK,LN,0"" FAT,CHOIC,CKD,BRLD",7,0,"BEEF,SHRT LOIN,T-BONE STEAK,BONE-IN,LN,1/8"" FAT,SEL,RAW",-2
437,"BEEF,RIB EYE STEAK,BNLS,LIP-ON,LN & FAT,1/8"" FAT,CHC,CKD,GRD","BEEF,LOIN,TENDERLOIN RST,BNLESS,LN,0"" FAT,ALL GRDS,CKD,RSTD",8,-1,"BEEF,CHUCK,MOCK TENDER STEAK,LN,0"" FAT,CHOIC,CKD,BRLD",-2
438,"BEEF,RIB EYE STK,BNLS,LIP-ON,LN & FAT,1/8"" FAT,SEL,CKD,GILD","BEEF,LOIN,TENDERLOIN RST,BNLESS,LN,0"" FAT,ALL GRDS,CKD,RSTD",6,-1,"BEEF,RND,TOP RND,STEAK,LN,1/8"" FAT,ALL GRDS,CKD,BRLD",-2
439,"BEEF,RIB EYE STK,BNLS,LIP-ON,LN & FT,1/8"" FT,AL GRD,CKD,GRLD","BEEF,NZ,IMP,CUBE ROLL,LN & FAT,RAW",7,3,"BEEF,GROUND,97% LN MEAT /3% FAT,PATTY,CKD,PAN-BROILED",-3
440,"BEEF,RIB EYE RST,BNLS,LP-ON,LN & FT,1/8"" FT,ALL GRD,CKD,RSTD","BEEF,LN,TOP LN STK,BNLSS,LIP-ON,LN,1/8"" FAT,ALL GRDS,,GRLLD",7,0,"BEEF,LOIN,TENDERLOIN STEAK,BNLESS,LN,0"" FAT,ALL GRDS,RAW",-3
441,"BEEF,RIB EYE RST,BNLES,LIP-ON,LN & FAT,1/8"" FAT,CHC,CKD,RSTD","BEEF,LOIN,TENDERLOIN STK,BNLESS,L & F,0"" FAT,SEL,CKD,GRILLED",8,0,"BEEF,CHK,UND BL POT RST,BNLESS,LN,0"" FAT,ALL GRDS,CKD, BRSD",-2
442,"BEEF,RIB EYE STEAK/ROST,BNLS,LIP-ON,LN & FAT,1/8"" FAT,SEL,RW","BEEF,CHK,UND BL POT RST/STEAK,BNL,LN & FAT,0"" FAT, SEL, RAW",4,2,"BEEF,RND,KNUCKLE,TIP SIDE,STEAK,LN & FAT,0"" FAT,ALL GRDS,RAW",-3
443,"BEEF,PLATE STEK,BNLS,INSDE SKRT,LN & FAT,0"" FAT,ALL GRDS,RW","BEEF,RND,TOP RND,LN,1/8"" FAT,CHOIC,CKD,PAN-FRIED",1,-1,"BEEF,RND,TOP RND STEAK,BNLS,LN & FAT,0"" FAT,SEL,CKD,GRLD",-2
444,"BEEF,RIB EYE STK,BNLS,LIP OF,LN & FAT,0"" FT,AL GRDS,CKD,GRLD","BEEF,SHRT LOIN,PRTRHS STK,LN & FAT,0"" FAT,USDA SEL,CKD,BRLD",6,5,"BEEF,RND,TIP RND,RST,LN,0"" FAT,SEL,RAW",-3
445,"BEEF,RIB EYE STEAK,BNLESS,LIP OFF,LN & FAT,0"" FAT,CHOIC,RAW","BEEF,CHUCK,SHRT RIBS,BNLESS,LN,0"" FAT,ALL GRDS,RAW",6,1,"BEEF,SHLDR POT RST OR STEAK,BNLESS,LN & FAT,0"" FAT,CHOIC,RAW",-2
446,"BEEF,RIB,BACK RIBS,BONE-IN,LN & FAT,0"" FAT,CHOIC,CKD,BRSD","BEEF,SHRT LN,T-BN STK,BN-IN,LN,1/8"" FAT,ALL GRDS,CKD,GRILLED",9,1,"BEEF,NZ,IMP,EYE RND,LN,RAW",-4
447,"BEEF,LOIN,TOP SIRLOIN CAP STEK,BNLS,LN,1/8"" FAT,ALL GRDS,RAW","BEEF,RND,TOP RND STEAK,BNLESS,LN,0"" FAT,SEL,RAW",-3,-4,"BEEF,RND,EYE OF RND,RST,LN,1/8"" FAT,SEL,RAW",-4
448,"BEEF,RIBEYE CAP STEAK,BNLESS,LN,0"" FAT,CHOIC,CKD,GRILLED","BEEF,CHK,UND BL POT RST/STK,BNL,LN & FT,0"" FT, All GR, raw",3,2,"BEEF,RIB EYE STEAK/ROAST,BONE-IN,LIP-ON,LN,1/8"" FAT,SEL,RAW",-1
449,"BEEF,RIBEYE CAP STEAK,BNLESS,LN,0"" FAT,SEL,CKD,GRILLED","BEEF,LOIN,TENDERLOIN RST,BNLESS,LN & FAT,0"" FAT,SEL,CKD,RSTD",1,-1,"BEEF,SHLDR TOP BLADE STEAK,BNLESS,LN,0"" FAT,ALL GRDS,RAW",-2
450,"BEEF,RIBEYE CAP STEAK,BNLESS,LN,0"" FAT,CHOIC,RAW","BEEF,LOIN,TOP LOIN STEAK,BNLESS,LIP OFF,LN,0"" FAT,CHOIC,RAW",1,-2,"BEEF,RND,BTTM RND,RST,LN,1/8"" FAT,CHOIC,RAW",-3
451,"BEEF,LOIN,TOP SIRLOIN CAP STK,BNLS,LN & FAT,1/8"" FAT,CHC,RAW","BEEF,VAR MEATS&BY-PRODUCTS,BRAIN,CKD,PAN-FRIED",2,1,"BEEF,CHUCK,CLOD STEAK,LN ONLY,TO 1/4"" FAT,ALL GRDS,CKD,BRSD",-1
452,"BEEF,TOP LOIN FILET,BNLESS,LN & FAT,1/8"" FAT,CHOIC,CKD,GRILD","BEEF,ASTRLN,GRSSFD,LN,TPSRLN CAPOFF STK/RST,BNLS,LN & FT,RAW",4,-3,"BEEF,RND,TOP RND STEAK,BNLESS,LN,0"" FAT,SEL,RAW",-4
453,"BEEF,TOP LOIN PETI RST,BNLS,LN & FAT,1/8"" FAT,CHOIC,CKD,RSTD","BEEF,SHLDR POT RST,BNLESS,LN,0"" FAT,SEL,CKD,BRSD",2,-1,"BEEF,RND,BTTM RND,RST,LN,1/8"" FAT,ALL GRDS,CKD",-2
454,"BEEF,TOP LOIN PETITE RST/FILET,BNLS,LN & FAT,1/8"" FAT,CHC,RW","BEEF,FLANK,STEAK,LN,0"" FAT,ALL GRDS,CKD,BRLD",1,0,"BEEF,LOIN,TOP SIRLOIN PETITE RST,BNLS,LN,0"" FAT,SEL,CKD,RSTD",-2
455,"BEEF,AUSTRALIAN,GRASS-FED,EXTERNAL FAT,RAW","BEEF,RIB,WHL (RIBS 6-12),LN&FAT,1/8""FAT,CHOIC,RAW",11,9,"BEEF,RND,OUTSIDE RND,BTTM RND,STEAK,LN & FAT,0"" FAT,SEL,RAW",-3
456,"BEEF,AUSTRALIAN,WAGYU,EXTERNAL FAT,MRBL SCR 4/5,RAW","BEEF,RIB EYE RST,BNE-IN,LIP-ON,LN & FAT,1/8"" FAT,SEL,CKD,RST",13,7,"BEEF,NZ,IMP,STRIPLOIN,LN & FAT,CKD,FAST FRIED",6
457,"BEEF,AUSTRALIAN,WAGYU,SEAM FAT,MRBL SCR 4/5,RAW","BEEF,CHUCK,UNDER BLADE STEAK,BNLESS,LN & FAT,0"" FAT,ALL GRDS",14,5,"BEEF,BRISKET,FLAT HALF,LN&FAT,0""FAT,ALL GRDS,CKD,BRSD",0
458,"BEEF,AUSTRALIAN,WAGYU,SEAM FAT,AUST. MARBLE SCORE 9,RAW","BEEF,RIB EYE STEAK,BONE-IN,LIP-ON,LN,1/8"" FAT,SEL,CKD,GRILD",14,1,"BEEF,RIB EYE STEAK,BNLESS,LIP OFF,LN,0"" FAT,ALL GRDS,CKD,GRI",1
459,"BEEF,ASTRLN,GRSFD,RIB,RBEYE STK/RST LIP-ON,BNLS,LN & FAT,RAW","BEEF,CHUCK,SHRT RIBS,BNLESS,LN,0"" FAT,CHOIC,RAW",3,1,"BEEF,VAR MEATS&BY-PRODUCTS,LIVER,RAW",-3
460,"BEEF,ASTRLN,WGYU,RB,SML END RB STK/RST,BNLS,LN &FAT,MRBL SCR","BEEF,FLANK,STEAK,LN,0"" FAT,ALL GRDS,CKD,BRLD",10,0,"BEEF,LOIN,TOP SIRLOIN PETITE RST,BNLS,LN,0"" FAT,SEL,CKD,RSTD",-2
461,"BEEF,LOIN,TOP LOIN STEAK,BNLESS,LIP-ON,LN,1/8"" FAT,SEL,RAW","BEEF,RND,TOP RND RST,BNLESS,LN & FAT,0"" FAT,CHOIC,RAW",-2,-3,"BEEF,RND,TOP RND RST,BNLESS,LN,0"" FAT,SEL,RAW",-4
462,"BEEF,NZ,IMP,BOLAR BLADE,LN,CKD,FAST RSTD","BEEF,TOP SIRLOIN,STEAK,LN,1/8"" FAT,SEL,RAW",-2,-3,"BEEF,BRISKET,FLAT HALF,BNLESS LN,0"" FAT,ALL GRDS,RAW",-3
463,"BEEF,NZ,IMP,BRISKET NAVAL END,LN,CKD,BRSD","BF,CHUCK,CLOD,TOP BLADE,STK,LN & FAT,0"" FAT,ALL,CKD,GRLD",3,2,"BEEF,BTTM SIRLOIN,TRI-TIP RST,LN & FAT,0"" FAT,SEL,RAW",-2
464,"BEEF,NZ,IMP,BRISKET NAVAL END,LN,RAW","BEEF,LN,TOP LN STK,BNLSS,LIP-ON,LN,1/8"" FAT,ALL GRDS,,GRLLD",1,0,"BF,RND,KNUCKLE,TIP SIDE,STEAK,LN & FAT,0"" FAT,SE,CKD,GRILLED",-3
465,"BEEF,NZ,IMP,FLAT,LN,CKD,BRSD","BEEF,SHRT LOIN,TOP LOIN,STEAK,LN,1/8"" FAT,ALL GRDS,CKD,BRLD",0,-1,"BEEF,RND,EYE OF RND,RST,LN,1/8"" FAT,ALL GRDS,CKD,RSTD",-2
466,"BEEF,NZ,IMP,INTERMUSCULAR FAT,CKD","BEEF,CHUCK,BLADE RST,LN&FAT,1/8""FAT,SEL,RAW",12,3,"BEEF,NZ,IMP,BRISKET POINT END,LN & FAT,CKD,BRSD",2
467,"BEEF,NZ,IMP,BRISKET NAVAL END,LN & FAT,CKD,BRSD","BEEF,NZ,IMP,RUMP CENTRE,LN & FAT,RAW",10,-2,"BEEF,RND,TOP RND,STEAK,LN,1/8"" FAT,SEL,RAW",-3
468,"BEEF,NZ,IMP,CUBE ROLL,LN & FAT,RAW","BEEF,RND,TOP RND,STEAK,LN & FAT,1/8"" FAT,CHOIC,RAW",3,0,"BEEF,RND,KNUCKLE,TIP CNTR,STEAK,LN & FAT,0"" FAT,SEL,RAW",-3
469,"BEEF,NZ,IMP,FLAT,LN & FAT,CKD,BRSD","BEEF,RIB EYE STEAK,BNLES,LIP-ON,LN,1/8"" FAT,CHOIC,CKD,GRILD",2,1,"BEEF,GROUND,97% LN MEAT / 3% FAT,PATTY,CKD,BRLD",-2
470,"BEEF,GROUND,93% LN MEAT / 7% FAT,CRUMBLES,CKD,PAN-BROWNED","BEEF,SHRT LOIN,T-BONE STEAK,BONE-IN,LN,1/8"" FAT,CHOIC,RAW",0,-2,"BEEF,RND,TOP RND,STEAK,LN,1/8"" FAT,SEL,RAW",-3
471,"BEEF,GROUND,75% LN MEAT / 25% FAT,PATTY,CKD,BRLD","BEEF,LOIN,T-BONE STEAK,LN & FAT,0"" FAT,USDA CHOIC,CKD,BRLD",5,4,"BEEF,LOIN,TOP SIRLOIN CAP STEAK,BNLESS,LN,1/8"" FAT,CHOIC,RAW",-2
472,"BEEF,RND,BTTM RND,RST,LN,1/8"" FAT,CHOIC,CKD,RSTD","BEEF,RND,KNUCKLE,TIP SIDE,STEAK,LN & FAT 0"" FAT,SEL,RAW",-1,-3,"BEEF,GROUND,97% LN MEAT /3% FAT,PATTY,CKD,PAN-BROILED",-3
473,"BEEF,RND,TOP RND,STEAK,LN,1/8"" FAT,CHOIC,CKD,BRLD","BEEF,NZ,IMP,OYSTER BLADE,LN,RAW",-1,-2,"BEEF,RND,KNUCKLE,TIP CNTR,STEAK,LN & FAT,0"" FAT,CHOIC,RAW",-2
474,"BEEF,RND,BTTM RND,STEAK,LN,1/8"" FAT,CHOIC,CKD,BRSD","BEEF,TOP LOIN FILET,BNLESS,LN,1/8"" FAT,ALL GRDS,CKD,GRILLED",0,-1,"BEEF,RIB,SML END (RIBS 10-12),LN,1/8"" FAT,CHOIC,RAW",-2
475,"BEEF,FLANK,STEAK,LN,0"" FAT,SEL,RAW","BEEF,RND,OUTSIDE RND,BTTM RND,STEAK,LN & FAT,0"" FAT,SEL,RAW",-2,-3,"BEEF,VAR MEATS&BY-PRODUCTS,LIVER,RAW",-3
476,"BEEF,BRISKET,FLAT HALF,LN & FAT,1/8"" FAT,CHOIC,RAW","BEEF,CHUCK,CLOD RST,LN,0"" FAT,SEL,CKD,RSTD",6,-1,"BEEF,NZ,IMP,TENDERLOIN,LN & FAT,RAW",-2
477,"BEEF,BRISKET,FLAT HALF,LN & FAT,1/8"" FAT,SEL,RAW","BEEF,NZ,IMP,BOLAR BLADE,LN & FAT,CKD,FAST RSTD",6,1,"BEEF,SHLDR TOP BLADE STEAK,BNLESS,LN,0"" FAT,CHOIC,RAW",-2
478,"PACE,PICO DE GALLO","SOUP,CHICK BROTH,CND,COND",6,4,"SOUP,VEG BF,MICROWAVABLE,RTS,SINGLE BRAND",0
479,"PACE,TEQUILA LIME SALSA","CAMPBELL'S CHUNKY SOUPS,OLD FASHIONED VEG BF SOUP",7,1,"CAMPBELL'S CHUNKY SOUPS,HEARTY BEAN 'N' HAM SOUP",-2
480,"CAMPBELL'S,98% FAT FREE CRM OF MUSHROOM SOUP,COND","SOUP,TURKEY,CHUNKY,CND,RTS",3,2,"HEALTHY REQUEST,MINESTRONE SOUP,COND",0
481,"DIP,OLD EL PASO,CHS 'N SALSA,MED",CAMPBELL'S COUNTRY STYLE SAUSAGE GRAVY,9,6,"SOUP,CLAM CHOWDER,NEW ENGLAND,RED NA,CND,RTS",1
482,"SAUCE,BARBECUE,KC MASTERPIECE,ORIGINAL","SOUP,CHICK VEG,CHUNKY,RED FAT,RED NA,RTS,SINGLE BRAND",12,1,"SOUP,VEG CHICK,CND,PREP W/ H2O,LO NA",-3
483,"KELLOGG'S,EGGO,NUTRI-GRAIN FRZ FRUIT PIZZA,STRAWBERRY GRANOL",KELLOGG'S EGGO LOWFAT BLUEBERRY NUTRI - GRAIN WAFFLES,4,3,"BREAD,ITALIAN",2
484,"KELLOGG'S,EGGO,WAFFLES,CINN TOAST","BISCUITS,PLN OR BTTRMLK,REFR DOUGH,LOWER FAT",12,10,"BREAD,BOSTON BROWN,CANNED",2
485,"GIRL SCOUTS,SAMOAS COOKIES","CRACKERS,CHS,SANDWICH-TYPE W/PNUT BUTTER FILLING",19,12,"PIE,APPL,PREP FROM RECIPE",7
486,"GIRL SCOUTS,THANK U BERRY MUNCH COOKIES","PIE,BLUEBERRY,COMMLY PREP",19,6,"HEINZ,WEIGHT WATCHER,CHOC ECLAIR,FRZ",6
487,"GIRL SCOUTS,THIN MINTS COOKIES","KELLOGG'S,POP-TARTS,FRSTD ORANGE CRM TOASTER PASTRIES",23,16,"BREAD,RED-CAL,WHEAT",-5
488,"JACKSON'S,OLD FASHIONED VANILLA WAFERS","KELLOGG'S,EGGO,WAFFLES,CINN TOAST",16,12,"KELLOGG'S,SPL K,MULTIGRAIN CRACKERS",9
489,"KEEBLER,BAKER'S TREASURES,CHOC CHIP COOKIE,SOFT","KELLOGG'S,ALL-BRAN,GARLIC & HERB CRACKERS",17,9,"ENGLISH MUFFIN, PLN,ENCHED.W/CA PROP (INCLD SOURDOUGH)",-2
490,"KEEBLER,BAKER'S TREASURES,OATMEAL RAISIN COOKIE,SOFT","KELLOGG'S,EGGO,MINI MUFFIN TOPS,BLUEBERRY",13,11,"CAKE,POUND,COMMLY PREP,FAT-FREE",9
491,"KEEBLER,CLUB & CHEDDAR SNDWCH CRACKERS","KELLOGG'S,CINNABON,PANCAKES,ORIGINAL",17,8,"BREAD,PITA,WHITE,ENRICHED",1
492,"KEEBLER,CHS ON WHEAT SNDWCH CRACKERS","COFFEECAKE,FRUIT",17,4,"ROLLS,DINNER,RYE",0
493,"KEEBLER,CHIPS DELUXE,CHOC LOVERS COOKIES","KEEBLER,WHEATABLES,NUT CRISP CRACKERS,RSTD ALMOND",21,9,"ROLLS,FRENCH",1
494,"KEEBLER,CHIPS DELUXE,PNUT BUTTER CUPS COOKIES","KEEBLER,TOWN HOUSE,TOPPERS,GARLIC HERB CRACKERS",20,14,"KELLOGG'S,POP-TARTS,YUM-AZING VANILLA MILKSHAKE TOASTER PAST",12
495,"KEEBLER,CHIPS DELUXE,RAINBOW CHOC CHIP COOKIES","GIRL SCOUTS,CHALET COOKIES",21,17,"CRACKERS,RUSK TOAST",3
496,"KEEBLER,COUNTRY STYLE OATMEAL COOKIES W/ RAISINS","CRACKERS,MILK",15,11,"KELLOGG'S,EGGO,NUTRI-GRAIN,WAFFLES,LOFAT",0
497,"KEEBLER,DANISH WEDDING COOKIES","KELLOGG,KELLOGG'S NUTRI-GRAIN CRL BARS,MXD BERRY",22,12,"CRACKERS,WHOLE-WHEAT,RED FAT",4
498,"KEEBLER,FUDGE SHOPPE,TRIPLE FUDGE FILLED COOKIES","CAKE,SNACK CAKES,NOT CHOC,W/ ICING OR FILLING,LOW-FAT",22,10,"PIE,APPL,COMMLY PREP,UNENR FLR",5
499,"KEEBLER,FUDGE SHOPPE,FUDGE STRIPES,OATMEAL","KEEBLER,BAKER'S TREASURES,CHOC CHIP COOKIE,SOFT",18,17,"KELLOGG'S,ALL-BRAN,GARLIC & HERB CRACKERS",9
500,"KEEBLER,FUDGE SHOPPE,MERRY MINT PATTIES,HOLIDAY","KEEBLER,TOASTEDS,WHEAT CRACKERS",25,9,"CRACKERS,WHOLE-WHEAT",4
501,"KEEBLER,READY CRUST,SHORTBREAD PIE CRUST","GEORGE WESTON BAKERIES,THOMAS ENG MUFFINS",17,1,"BREAD,WHOLE-WHEAT,PREP FROM RECIPE,TSTD",-3
502,"KEEBLER,SANDIES,CASHEW SHORTBREAD COOKIES","PIE CRUST,DEEP DISH,FRZ,UNBAKED,MADE W/ ENR FLR",20,12,"BREAD,PROT (INCL GLUTEN)",-1
503,"KEEBLER,TOASTEDS,BUTTERCRISPS CRACKERS","TOASTER PASTRIES,FRUIT",16,12,"KELLOGG'S,EGGO,NUTRI-GRAIN,WAFFLES,BLUEBERRY",4
504,"KEEBLER,VANILLA WAFERS MINIS,RAINBOW","KELLOGG'S,EGGO,NUTRI-GRAIN FRZ FRUIT PIZZA,STRAWBERRY GRANOL",18,4,KELLOGG'S EGGO LOWFAT BLUEBERRY NUTRI - GRAIN WAFFLES,3
505,"KELLOGG'S,POP-TARTS,FRSTD APPL STRUDEL TOASTER PASTRIES","KELLOGG'S,ALL-BRAN,GARLIC & HERB CRACKERS",13,9,"CRACKERS,WHOLE-WHEAT,RED FAT",4
506,"KELLOGG'S,POP-TARTS MINI CRISPS,FRSTD CHOC BKD BITES","SUNSHINE,GRIPZ,CHEEZ-IT CRACKERS",15,13,"CRACKERS,WHEAT,REGULAR",9
507,"MOTHER'S,HALLOWEEN CIRCUS ANIMALS COOKIES","KEEBLER,E.L. FUDGE,BUTTER FLAV COOKIES",25,16,"CRACKERS,SALTINES,FAT-FREE,LOW-SODIUM",6
508,"MURRAY,COOKIE JAR CLASSICS,COCNT BARS COOKIES","HUSH PUPPIES,PREP FROM RECIPE",14,7,"PANCAKES,PLN,FRZ,RTH,MICROWAVE(INC BUTTMLK)",4
509,"MURRAY,SUGAR FREE,FUDGE DIPPED WAFERS","PIE,BANANA CRM,PREP FROM RECIPE",9,8,"PIE,LEMON MERINGUE,PREP FROM RECIPE",6
510,"MURRAY,SUGAR FREE,LEMON CREME SNDWCH COOKIES","WAFFLE,BTTRMLK,FRZ,RTH,TSTD",8,6,"BREAD,PAN DULCE,SWT YEAST BREAD",3
511,"MURRAY,VANILLA SUGAR WAFER","SUNSHINE,CHEEZ-IT,WHITE CHEDDAR,RED FAT CRACKERS",21,9,"TSTR PSTRS,KELLOGG,KELLOGG'S LF POP TRTS,FRSTD BRWN SGR CINN",8
512,"AUSTIN,CHEDDAR CHS ON WAFER CRACKERS,SANDWICH-TYPE","COOKIES,SUGAR,COMMLY PREP,REG (INCL VANILLA)",19,18,"CRACKERS,RYE,WAFERS,SEASONED",4
513,"FAMOUS AMOS,CHOC SNDWCH CREME COOKIES","KEEBLER,TOWN HOUSE,TOPPERS,GARLIC HERB CRACKERS",20,14,"KEEBLER,TOWN HOUSE,FLIPSIDES,PRETZEL CRACKERS,ORIGINAL",14
514,"KEEBLER,SANDIES,SIMPLY SHORTBREAD COOKIES","DOUGHNUTS,CAKE-TYPE,PLN,SUGARED OR GLAZED",20,10,"BREAD,RED-CAL,WHITE",-2
515,"MOTHER'S,OLD FASHIONED OATMEAL COOKIES","COOKIES,BUTTER,COMMLY PREP,UNENR",17,15,"CRACKERS,STD SNACK-TYPE,REG,LO SALT",6
516,"COOKIES,ANIMAL,W/ FRSTNG OR ICING","SUNSHINE,CHEEZ-IT,ORIGINAL CRACKERS",26,13,"BREAD,PITA,WHOLE-WHEAT",-3
517,"COOKIE,CHOC,W/ ICING OR COATING","SUNSHINE,CHEEZ-IT,100 CAL RIGHT BITES,EX CHEESY PARTY MIX",23,10,"KELLOGG'S,SPL K,CRACKER CHIPS,SEA SALT",4
518,"COOKIES,PNUT BUTTER,COMMLY PREP,SUGAR FREE","KELLOGG'S,EGGO PROT,WAFFLES,HOMESTYLE",10,5,"PANCAKES,WHOLE-WHEAT,DRY MIX,INCOMPLETE,PREP",2
519,"V8 VEG JUC,SPICY HOT V8","LEEKS,(BULB&LOWER LEAF-PORTION),CKD,BLD,DRND,WO/SALT",2,-1,"POTATOES,HASH BROWN,FRZ,PLN,UNPREP",-1
520,"INF FORMULA, ABB NUTR, SIMIL, GO & GR, PDR, W/ ARA & DHA","BABYFOOD,DINNER,CHICK NOODLE,JR",22,-1,"BABYFOOD,MEAT,HAM,JUNIOR",-3
521,"INF FORMU,MEAD JOHNS,ENFAMIL,NUTRAMIG,AA LIPIL,PDR,NOT RECON","INF FORMULA, GERBER, GOOD START 2,PROTECT PLUS, RTF",23,2,"BABYFOOD,VEG,CORN,CRMD,STR",-2
522,"AGUTUK,FISH W/ SHORTENING (ALASKAN ICE CREAM) (ALASKA NATIVE",CORNED BF & POTATOES IN TORTILLA (APACHE),8,5,"WHALE,BELUGA,MEAT,DRIED (ALASKA NATIVE)",2
523,"CREAM SUB,PDR,LT","CHEESE,AMERICAN CHEDDAR,IMITN",19,16,"CHEESE,MOZZARELLA,LO MOIST,PART-SKIM,SHREDDED",15
524,"TURKEY,WING,SMOKED,CKD,W/SKN,BONE REMOVED","USDA CMDTY,CHICK FAJITA STRIPS,FRZ",10,5,"CHICKEN,LIVER,ALL CLASSES,CKD,SIMMRD",-1
